,llama3-70b-8192,mixtral-8x7b-32768,gemma-7b-it
v2.1-unstruct,0.37701611301070975,0.31865781217552863,0.2588034189249641
v2.1-md,0.3638935857749459,0.3135161886804637,0.2591406864294661
v2.1-json,0.37309230062984367,0.3129791477169704,0.2640478490591469
v2.1-html,0.36344312903222076,0.3208635414650618,0.24147060445722915
v2.1-custom1,0.3669929827147714,0.30394019931301147,0.2565597974935583
v2.1-custom2,0.3656055402743606,0.3108929935513278,0.25355502679325337
v2.1-custom4,0.3641673663618091,0.281642315714237,0.23900689050504514
