,llama3-70b-8192,mixtral-8x7b-32768,gemma-7b-it
unstructured-io,0.5646059860607316,0.47903659878955296,0.3890295080356636
