,llama3-70b-8192,mixtral-8x7b-32768,gemma-7b-it,claude-3-opus-20240229,gpt-3.5-turbo
v2.1-unstruct,0.5097785485756621,0.4840922101720544,0.3377477884476985,0.0,0.0
v2.1-md,0.4613183445772104,0.39506971292557064,0.34985779233936937,0.0,0.0
v2.1-json,0.5028029856107106,0.39198434346263267,0.42210387727629106,0.0,0.0
v2.1-html,0.48979498486559153,0.36897719525341205,0.29131049216937327,0.0,0.0
v2.1-custom1,0.4689019612313443,0.38377343032074496,0.4219267628436887,0.0,0.0
v2.1-custom2,0.4929183202755926,0.35524691662799074,0.3171592275573721,0.0,0.0
v2.1-custom4,0.47161538408695636,0.3301258160017123,0.2987534923705137,0.0,0.0
