,llama3-70b-8192,mixtral-8x7b-32768,gemma-7b-it,claude-3-opus-20240229,gpt-3.5-turbo
v2.1-unstruct,0.659434941877067,0.6362094884935767,0.43498456509815947,0.0,0.0
v2.1-md,0.6839935719382128,0.5433705040457741,0.41634758746258166,0.0,0.0
v2.1-toml,0.6524669182882753,0.35311447811447816,0.28992038259545944,0.0,0.0
v2.1-json,0.6820926952914759,0.5322297918039497,0.4722424265073993,0.0,0.0
v2.1-html,0.6898014028044885,0.5579126995271347,0.40512630505014363,0.0,0.0
v2.1-custom1,0.6879509565677574,0.5538340184348406,0.47346375957230785,0.0,0.0
v2.1-custom2,0.6748237562955658,0.590015574982202,0.39803794834369394,0.0,0.0
