,llama3-70b-8192,mixtral-8x7b-32768,gemma-7b-it
v2.1-unstruct,0.3445384526894658,0.31310398214411184,0.20964586315728764
v2.1-md,0.34028528179617984,0.2872334444546799,0.21502451036904424
v2.1-json,0.3319807252937242,0.28141652114958765,0.21929359260721
v2.1-html,0.33249727449517796,0.29379664403166145,0.18107189131683749
v2.1-custom1,0.33694608128623693,0.2910904065287738,0.2244489160034946
v2.1-custom2,0.3300283337821772,0.28428789153764794,0.19347929847543632
v2.1-custom4,0.33922379380573575,0.27305299325974947,0.18795757791937878
