,llama3-70b-8192,mixtral-8x7b-32768,gemma-7b-it
v2.1-unstruct,0.5671839389316172,0.47006143353935625,0.38512243915430294
v2.1-md,0.5708699475570992,0.47444963823467723,0.37870579294234347
v2.1-json,0.5803247965240904,0.48059646756436997,0.3800708487035025
v2.1-html,0.5865945456947831,0.4858746550704188,0.3544194093463168
v2.1-custom1,0.5791765998340171,0.481802462510729,0.37627162146554005
v2.1-custom2,0.577370443812723,0.47930560514183285,0.3774632317708379
v2.1-custom4,0.5607724367283522,0.44986708557111954,0.3396944315951309
