,llama3-70b-8192,mixtral-8x7b-32768,gemma-7b-it
v2.1-unstruct,0.5744881209585252,0.4971683131320576,0.3629757714962246
v2.1-md,0.5685801738105167,0.4854960856084357,0.35719520879612005
v2.1-json,0.5719622032584821,0.48232972307686917,0.3710075299983719
v2.1-html,0.5660856573171444,0.49700766898445053,0.333416587948569
v2.1-custom1,0.5700980041977701,0.46818435537137715,0.3503670150515029
v2.1-custom2,0.5638410683466014,0.4871033429951083,0.35162671338254503
v2.1-custom4,0.566145740009428,0.45058050424460866,0.33210544861638414
