,llama3-70b-8192,mixtral-8x7b-32768,gemma-7b-it,claude-3-opus-20240229,gpt-3.5-turbo
v2.1-unstruct,0.5047531262947743,0.4840922101720544,0.3377477884476985,0.0,0.0
v2.1-md,0.4649876513075614,0.390241343290563,0.34985779233936937,0.0,0.0
v2.1-toml,0.4970072036865134,0.23664512508598531,0.2300706755145101,0.0,0.0
v2.1-json,0.49027360311670304,0.4025820592059312,0.42015455953749964,0.0,0.0
v2.1-html,0.48912954199891473,0.37855811612465556,0.29382944371520153,0.0,0.0
v2.1-custom1,0.47282821336696995,0.3825311942959002,0.39963654078366795,0.0,0.0
v2.1-custom2,0.48958154986647595,0.40037828493009076,0.31478285817451523,0.0,0.0
