,llama3-70b-8192,mixtral-8x7b-32768,gemma-7b-it
unstructured-io,0.35309206408404387,0.3009136038649426,0.2871343803338713
