,llama3-70b-8192,mixtral-8x7b-32768,gemma-7b-it,claude-3-opus-20240229,gpt-3.5-turbo
v2.1-unstruct,0.666091745453663,0.6362094884935767,0.43498456509815947,0.0,0.0
v2.1-md,0.6936590344054107,0.5558721092218496,0.41634758746258166,0.0,0.0
v2.1-json,0.6991507515875904,0.5213117997079126,0.4778887261645883,0.0,0.0
v2.1-html,0.6876793909155311,0.5565065787661752,0.39500297147917335,0.0,0.0
v2.1-custom1,0.6908585797606616,0.5521663591138162,0.5057855173369223,0.0,0.0
v2.1-custom2,0.6848328291849634,0.5630356333681141,0.4081612819146642,0.0,0.0
v2.1-custom4,0.6652293417656533,0.49133052498180013,0.4139909735654417,0.0,0.0
