,llama3-70b-8192,mixtral-8x7b-32768,gemma-7b-it
v2.1-unstruct,0.3727931889929582,0.3028072856839787,0.2840667934075272
v2.1-md,0.3818892315171394,0.3063982749116125,0.27916982369970594
v2.1-json,0.38564852870779087,0.31785765360370666,0.27957284305094804
v2.1-html,0.392041793576486,0.3164758520376749,0.25923274215862335
v2.1-custom1,0.38300165360511196,0.3208524233072233,0.27555841952755444
v2.1-custom2,0.38007584814239737,0.3189131669352415,0.2776639103080612
v2.1-custom4,0.3708338468494457,0.29620085203309154,0.2463999417162826
