,question_01,question_02,question_03
v0-unstruct,0.4888256935215221,0.48520961086042663,0.36475272781005263
v2-md,0.4340612997098143,0.4132944391390332,0.39972931880114887
v2-json,0.4755432187209216,0.35849364126621125,0.3958380120949693
v2-html,0.45817228037096186,0.4317419359394668,0.4133407419824664
v2-custom1,0.4212608565941191,0.3222498291634978,0.37378752186971953
v2-custom2,0.399703081000508,0.3915852242610886,0.408791900965323
