,question_01,question_02,question_03
v2.1-unstruct,0.4009139363013001,0.5127247429598419,0.4062098417279694
v2.1-md,0.39034362504565046,0.46874817789145645,0.3682554670494936
v2.1-toml,0.30366929283857885,0.3493700641422355,0.3055120247292789
v2.1-json,0.43330396859808623,0.4617055735044933,0.3845299648018605
v2.1-html,0.34208724030152604,0.42878683997834904,0.388931204104448
v2.1-custom1,0.43555739743058436,0.45461480939803806,0.38865171498868506
v2.1-custom2,0.3648186214772809,0.45340539500627375,0.3456480936281831
