,question_01,question_02,question_03
v2.1-unstruct,0.5141872413507319,0.6575263216380502,0.5593915472056521
v2.1-md,0.5519822262875426,0.600149593610702,0.541814699085422
v2.1-toml,0.36788831285463525,0.4754481110396176,0.48709566531558
v2.1-json,0.5550695462460169,0.5866530751865193,0.5348441830849574
v2.1-html,0.4939384537598824,0.6103962224679841,0.5353976818898244
v2.1-custom1,0.595278388336035,0.5886105635733625,0.5660634056214936
v2.1-custom2,0.5183903759630265,0.6166325665065214,0.5199898354565791
