,llama3-70b-8192,mixtral-8x7b-32768,gemma-7b-it
unstructured-io,0.43421052631578944,0.47482014388489213,0.419047619047619
