,llama3-70b-8192,mixtral-8x7b-32768,gemma-7b-it
v2.1-custom4,0.5562130177514792,0.44545454545454544,0.2430939226519337
v2.1-json,0.5741935483870968,0.45433255269320844,0.17341040462427748
v2.1-custom2,0.5652173913043478,0.48293963254593175,0.2430939226519337
v2.1-unstruct,0.5944272445820433,0.4305555555555556,0.17341040462427748
v2.1-custom1,0.5358490566037737,0.47715736040609136,0.17341040462427748
v2.1-md,0.5177304964539008,0.483695652173913,0.17341040462427748
v2.1-html,0.5422535211267606,0.4766355140186916,0.17341040462427748
