{
  "question_01": {
    "v2.1-unstruct": {
      "llama3-70b-8192": 0.47692307692307695,
      "mixtral-8x7b-32768": 0.41530054644808745,
      "gemma-7b-it": 0.26589595375722547
    },
    "v2.1-md": {
      "llama3-70b-8192": 0.49612403100775193,
      "mixtral-8x7b-32768": 0.3087885985748219,
      "gemma-7b-it": 0.4421052631578948
    },
    "v2.1-json": {
      "llama3-70b-8192": 0.5220883534136547,
      "mixtral-8x7b-32768": 0.37394957983193283,
      "gemma-7b-it": 0.4
    },
    "v2.1-html": {
      "llama3-70b-8192": 0.515625,
      "mixtral-8x7b-32768": 0.28061224489795916,
      "gemma-7b-it": 0.22702702702702698
    },
    "v2.1-custom1": {
      "llama3-70b-8192": 0.4645669291338583,
      "mixtral-8x7b-32768": 0.4,
      "gemma-7b-it": 0.4421052631578948
    },
    "v2.1-custom2": {
      "llama3-70b-8192": 0.5454545454545455,
      "mixtral-8x7b-32768": 0.3382352941176471,
      "gemma-7b-it": 0.22702702702702698
    },
    "v2.1-custom4": {
      "llama3-70b-8192": 0.47232472324723246,
      "mixtral-8x7b-32768": 0.2612826603325416,
      "gemma-7b-it": 0.2303030303030303
    }
  },
  "question_02": {
    "v2.1-unstruct": {
      "llama3-70b-8192": 0.5645161290322581,
      "mixtral-8x7b-32768": 0.37356321839080464,
      "gemma-7b-it": 0.5427135678391959
    },
    "v2.1-md": {
      "llama3-70b-8192": 0.4736842105263158,
      "mixtral-8x7b-32768": 0.39067055393586003,
      "gemma-7b-it": 0.5427135678391959
    },
    "v2.1-json": {
      "llama3-70b-8192": 0.5185185185185186,
      "mixtral-8x7b-32768": 0.3607427055702918,
      "gemma-7b-it": 0.5221674876847291
    },
    "v2.1-html": {
      "llama3-70b-8192": 0.49361702127659574,
      "mixtral-8x7b-32768": 0.37119113573407203,
      "gemma-7b-it": 0.40594059405940597
    },
    "v2.1-custom1": {
      "llama3-70b-8192": 0.5114155251141552,
      "mixtral-8x7b-32768": 0.34759358288770054,
      "gemma-7b-it": 0.5221674876847291
    },
    "v2.1-custom2": {
      "llama3-70b-8192": 0.4977375565610859,
      "mixtral-8x7b-32768": 0.40993788819875776,
      "gemma-7b-it": 0.4522613065326633
    },
    "v2.1-custom4": {
      "llama3-70b-8192": 0.5181818181818182,
      "mixtral-8x7b-32768": 0.38526912181303113,
      "gemma-7b-it": 0.4
    }
  },
  "question_03": {
    "v2.1-unstruct": {
      "llama3-70b-8192": 0.4796747967479675,
      "mixtral-8x7b-32768": 0.3916083916083916,
      "gemma-7b-it": 0.18867924528301885
    },
    "v2.1-md": {
      "llama3-70b-8192": 0.42718446601941745,
      "mixtral-8x7b-32768": 0.44128113879003555,
      "gemma-7b-it": 0.24096385542168677
    },
    "v2.1-json": {
      "llama3-70b-8192": 0.4780876494023904,
      "mixtral-8x7b-32768": 0.4247787610619469,
      "gemma-7b-it": 0.3333333333333333
    },
    "v2.1-html": {
      "llama3-70b-8192": 0.4435146443514644,
      "mixtral-8x7b-32768": 0.47588424437299043,
      "gemma-7b-it": 0.24096385542168677
    },
    "v2.1-custom1": {
      "llama3-70b-8192": 0.460431654676259,
      "mixtral-8x7b-32768": 0.48829431438127097,
      "gemma-7b-it": 0.32160804020100503
    },
    "v2.1-custom2": {
      "llama3-70b-8192": 0.4435146443514644,
      "mixtral-8x7b-32768": 0.4158415841584158,
      "gemma-7b-it": 0.27218934911242604
    },
    "v2.1-custom4": {
      "llama3-70b-8192": 0.43918918918918914,
      "mixtral-8x7b-32768": 0.32272727272727275,
      "gemma-7b-it": 0.26595744680851063
    }
  },
  "question_04": {
    "v2.1-unstruct": {
      "llama3-70b-8192": 0.2978723404255319,
      "mixtral-8x7b-32768": 0.38961038961038963,
      "gemma-7b-it": 0.08284023668639053
    },
    "v2.1-md": {
      "llama3-70b-8192": 0.3289473684210526,
      "mixtral-8x7b-32768": 0.25,
      "gemma-7b-it": 0.1142857142857143
    },
    "v2.1-json": {
      "llama3-70b-8192": 0.3026315789473684,
      "mixtral-8x7b-32768": 0.2641509433962264,
      "gemma-7b-it": 0.08284023668639053
    },
    "v2.1-html": {
      "llama3-70b-8192": 0.2946708463949843,
      "mixtral-8x7b-32768": 0.30026809651474534,
      "gemma-7b-it": 0.08284023668639053
    },
    "v2.1-custom1": {
      "llama3-70b-8192": 0.26480836236933797,
      "mixtral-8x7b-32768": 0.3080684596577017,
      "gemma-7b-it": 0.1142857142857143
    },
    "v2.1-custom2": {
      "llama3-70b-8192": 0.2846441947565543,
      "mixtral-8x7b-32768": 0.25345622119815664,
      "gemma-7b-it": 0.1142857142857143
    },
    "v2.1-custom4": {
      "llama3-70b-8192": 0.4468864468864469,
      "mixtral-8x7b-32768": 0.2708333333333333,
      "gemma-7b-it": 0.1142857142857143
    }
  },
  "question_05": {
    "v2.1-unstruct": {
      "llama3-70b-8192": 0.24920127795527158,
      "mixtral-8x7b-32768": 0.22822822822822822,
      "gemma-7b-it": 0.14857142857142858
    },
    "v2.1-md": {
      "llama3-70b-8192": 0.2692307692307692,
      "mixtral-8x7b-32768": 0.2394822006472492,
      "gemma-7b-it": 0.1264367816091954
    },
    "v2.1-json": {
      "llama3-70b-8192": 0.19745222929936304,
      "mixtral-8x7b-32768": 0.20821917808219179,
      "gemma-7b-it": 0.14857142857142858
    },
    "v2.1-html": {
      "llama3-70b-8192": 0.1986301369863014,
      "mixtral-8x7b-32768": 0.19553072625698326,
      "gemma-7b-it": 0.14857142857142858
    },
    "v2.1-custom1": {
      "llama3-70b-8192": 0.2507836990595611,
      "mixtral-8x7b-32768": 0.22099447513812157,
      "gemma-7b-it": 0.14857142857142858
    },
    "v2.1-custom2": {
      "llama3-70b-8192": 0.2657342657342657,
      "mixtral-8x7b-32768": 0.20224719101123592,
      "gemma-7b-it": 0.14857142857142858
    },
    "v2.1-custom4": {
      "llama3-70b-8192": 0.23631123919308358,
      "mixtral-8x7b-32768": 0.2469733656174334,
      "gemma-7b-it": 0.14857142857142858
    }
  },
  "question_06": {
    "v2.1-unstruct": {
      "llama3-70b-8192": 0.2846975088967972,
      "mixtral-8x7b-32768": 0.2867132867132867,
      "gemma-7b-it": 0.10778443113772455
    },
    "v2.1-md": {
      "llama3-70b-8192": 0.24221453287197234,
      "mixtral-8x7b-32768": 0.23622047244094488,
      "gemma-7b-it": 0.17045454545454547
    },
    "v2.1-json": {
      "llama3-70b-8192": 0.21621621621621623,
      "mixtral-8x7b-32768": 0.21782178217821785,
      "gemma-7b-it": 0.192090395480226
    },
    "v2.1-html": {
      "llama3-70b-8192": 0.2548262548262548,
      "mixtral-8x7b-32768": 0.2570532915360501,
      "gemma-7b-it": 0.192090395480226
    },
    "v2.1-custom1": {
      "llama3-70b-8192": 0.24719101123595505,
      "mixtral-8x7b-32768": 0.2109704641350211,
      "gemma-7b-it": 0.1818181818181818
    },
    "v2.1-custom2": {
      "llama3-70b-8192": 0.2105263157894737,
      "mixtral-8x7b-32768": 0.2033898305084746,
      "gemma-7b-it": 0.1818181818181818
    },
    "v2.1-custom4": {
      "llama3-70b-8192": 0.225,
      "mixtral-8x7b-32768": 0.21728395061728398,
      "gemma-7b-it": 0.1818181818181818
    }
  }
}