,llama3-70b-8192,mixtral-8x7b-32768,gemma-7b-it
unstructured-io,0.33744855967078186,0.3424124513618677,0.16666666666666666
