{
  "question_47": {
    "unstructured-io": {
      "llama3-70b-8192": 0.27439024390243905,
      "mixtral-8x7b-32768": 0.27011494252873564,
      "gemma-7b-it": 0.208
    }
  },
  "question_48": {
    "unstructured-io": {
      "llama3-70b-8192": 0.27177700348432055,
      "mixtral-8x7b-32768": 0.2545454545454545,
      "gemma-7b-it": 0.20512820512820515
    }
  },
  "question_49": {
    "unstructured-io": {
      "llama3-70b-8192": 0.24161073825503357,
      "mixtral-8x7b-32768": 0.2506811989100818,
      "gemma-7b-it": 0.22831050228310504
    }
  }
}