,llama3-70b-8192,mixtral-8x7b-32768,gemma-7b-it
v2.1-custom1,0.4275862068965517,0.45918367346938777,0.2690058479532164
v2.1-custom2,0.42857142857142855,0.32727272727272727,0.27745664739884396
v2.1-custom4,0.532871972318339,0.3935185185185185,0.2690058479532164
v2.1-md,0.5175718849840255,0.36979166666666663,0.27906976744186046
v2.1-json,0.44137931034482764,0.4603174603174603,0.2690058479532164
v2.1-unstruct,0.5159010600706713,0.4986449864498645,0.2690058479532164
v2.1-html,0.4587813620071684,0.44730077120822626,0.2690058479532164
