,llama3-70b-8192,mixtral-8x7b-32768,gemma-7b-it
unstructured-io,0.29729729729729726,0.25327510917030566,0.19354838709677416
