,llama3-70b-8192,mixtral-8x7b-32768,gemma-7b-it
v2.1-json,0.48297213622291024,0.4588528678304239,0.19895287958115185
v2.1-custom1,0.5031847133757962,0.4331797235023041,0.14207650273224043
v2.1-unstruct,0.4724919093851133,0.5048543689320388,0.14285714285714285
v2.1-custom2,0.5419354838709677,0.4764267990074442,0.2
v2.1-custom4,0.6,0.0,0.19895287958115185
v2.1-md,0.48916408668730654,0.47,0.14207650273224043
v2.1-html,0.46779661016949153,0.43701799485861187,0.19895287958115185
