,llama3-70b-8192,mixtral-8x7b-32768,gemma-7b-it
unstructured-io,0.6070287539936102,0.4752941176470588,0.4541832669322709
