,llama3-70b-8192,mixtral-8x7b-32768,gemma-7b-it
v2.1-json,0.5185185185185186,0.28710462287104627,0.5221674876847291
v2.1-custom1,0.5114155251141552,0.4110429447852761,0.5221674876847291
v2.1-unstruct,0.5590551181102362,0.35,0.5427135678391959
v2.1-custom2,0.4977375565610859,0.3119777158774374,0.4522613065326633
v2.1-custom4,0.5181818181818182,0.4114285714285714,0.4
v2.1-md,0.4736842105263158,0.37016574585635365,0.5427135678391959
v2.1-html,0.49361702127659574,0.36571428571428566,0.40594059405940597
