,llama3-70b-8192,mixtral-8x7b-32768,gemma-7b-it
unstructured-io,0.6846846846846848,0.6539682539682541,0.3870967741935484
