{
  "question_36": {
    "v2.1-unstruct": {
      "llama3-70b-8192": 0.6329113924050632,
      "mixtral-8x7b-32768": 0.5705705705705706,
      "gemma-7b-it": 0.4342857142857142
    },
    "v2.1-md": {
      "llama3-70b-8192": 0.6166666666666667,
      "mixtral-8x7b-32768": 0.5189504373177842,
      "gemma-7b-it": 0.4972972972972973
    },
    "v2.1-json": {
      "llama3-70b-8192": 0.6506024096385542,
      "mixtral-8x7b-32768": 0.6423357664233577,
      "gemma-7b-it": 0.59
    },
    "v2.1-html": {
      "llama3-70b-8192": 0.6239316239316238,
      "mixtral-8x7b-32768": 0.6283783783783784,
      "gemma-7b-it": 0.3270440251572327
    },
    "v2.1-custom1": {
      "llama3-70b-8192": 0.6297872340425533,
      "mixtral-8x7b-32768": 0.6692307692307692,
      "gemma-7b-it": 0.47457627118644063
    },
    "v2.1-custom2": {
      "llama3-70b-8192": 0.6666666666666666,
      "mixtral-8x7b-32768": 0.5862068965517241,
      "gemma-7b-it": 0.53125
    },
    "v2.1-custom4": {
      "llama3-70b-8192": 0.6147540983606558,
      "mixtral-8x7b-32768": 0.4788732394366197,
      "gemma-7b-it": 0.3125
    }
  },
  "question_37": {
    "v2.1-unstruct": {
      "llama3-70b-8192": 0.5962264150943397,
      "mixtral-8x7b-32768": 0.5542168674698795,
      "gemma-7b-it": 0.2560975609756097
    },
    "v2.1-md": {
      "llama3-70b-8192": 0.6050420168067226,
      "mixtral-8x7b-32768": 0.652892561983471,
      "gemma-7b-it": 0.36363636363636365
    },
    "v2.1-json": {
      "llama3-70b-8192": 0.6585365853658537,
      "mixtral-8x7b-32768": 0.6063348416289592,
      "gemma-7b-it": 0.380952380952381
    },
    "v2.1-html": {
      "llama3-70b-8192": 0.5800865800865801,
      "mixtral-8x7b-32768": 0.6218487394957983,
      "gemma-7b-it": 0.2142857142857143
    },
    "v2.1-custom1": {
      "llama3-70b-8192": 0.6694214876033057,
      "mixtral-8x7b-32768": 0.6846153846153846,
      "gemma-7b-it": 0.1904761904761905
    },
    "v2.1-custom2": {
      "llama3-70b-8192": 0.6437768240343348,
      "mixtral-8x7b-32768": 0.5787965616045844,
      "gemma-7b-it": 0.22485207100591714
    },
    "v2.1-custom4": {
      "llama3-70b-8192": 0.653225806451613,
      "mixtral-8x7b-32768": 0.46601941747572806,
      "gemma-7b-it": 0.21301775147928997
    }
  }
}