{
  "question_34": {
    "unstructured-io": {
      "llama3-70b-8192": 0.1949685534591195,
      "mixtral-8x7b-32768": 0.05952380952380953,
      "gemma-7b-it": 0.25
    }
  },
  "question_35": {
    "unstructured-io": {
      "llama3-70b-8192": 0.3822525597269625,
      "mixtral-8x7b-32768": 0.39205955334987597,
      "gemma-7b-it": 0.20942408376963353
    }
  },
  "question_36": {
    "unstructured-io": {
      "llama3-70b-8192": 0.44,
      "mixtral-8x7b-32768": 0.30303030303030304,
      "gemma-7b-it": 0.29473684210526313
    }
  },
  "question_37": {
    "unstructured-io": {
      "llama3-70b-8192": 0.33744855967078186,
      "mixtral-8x7b-32768": 0.3424124513618677,
      "gemma-7b-it": 0.16666666666666666
    }
  },
  "question_38": {
    "unstructured-io": {
      "llama3-70b-8192": 0.25098039215686274,
      "mixtral-8x7b-32768": 0.2512820512820513,
      "gemma-7b-it": 0.1965811965811966
    }
  },
  "question_39": {
    "unstructured-io": {
      "llama3-70b-8192": 0.2361111111111111,
      "mixtral-8x7b-32768": 0.2659574468085106,
      "gemma-7b-it": 0.2198952879581152
    }
  }
}