,llama3-70b-8192,mixtral-8x7b-32768,gemma-7b-it
unstructured-io,0.4043321299638989,0.45307443365695793,0.35106382978723405
