,llama3-70b-8192,mixtral-8x7b-32768,gemma-7b-it
v2.1-custom1,0.4470588235294118,0.3347107438016529,0.18536585365853658
v2.1-custom2,0.3624595469255663,0.4137931034482758,0.18536585365853658
v2.1-custom4,0.38953488372093026,0.38046272493573263,0.18536585365853658
v2.1-md,0.4491017964071856,0.42613636363636365,0.17475728155339806
v2.1-json,0.4174454828660436,0.4330900243309002,0.18536585365853658
v2.1-unstruct,0.4730538922155688,0.3982102908277405,0.18536585365853658
v2.1-html,0.425531914893617,0.3592233009708738,0.18536585365853658
