,llama3-70b-8192,mixtral-8x7b-32768,gemma-7b-it
v2.1-custom4,0.27011494252873564,0.26126126126126126,0.11578947368421053
v2.1-unstruct,0.3147540983606557,0.3008356545961003,0.11702127659574468
v2.1-md,0.2756598240469208,0.24578313253012044,0.11702127659574468
v2.1-custom1,0.2389937106918239,0.2463235294117647,0.11702127659574468
v2.1-html,0.2638036809815951,0.23918575063613232,0.11702127659574468
v2.1-custom2,0.28328611898017,0.24678663239074553,0.10638297872340426
v2.1-json,0.26875000000000004,0.23095823095823095,0.10638297872340426
