,llama3-70b-8192,mixtral-8x7b-32768,gemma-7b-it
v2.1-custom1,0.29239766081871343,0.2384428223844282,0.22340425531914893
v2.1-custom2,0.28059701492537314,0.2591687041564792,0.22459893048128343
v2.1-custom4,0.29838709677419356,0.18152350081037277,0.22459893048128343
v2.1-md,0.3006134969325153,0.2398081534772183,0.22340425531914893
v2.1-json,0.3076923076923077,0.25737265415549593,0.2328042328042328
v2.1-unstruct,0.2760736196319019,0.0410958904109589,0.19565217391304343
v2.1-html,0.3388704318936877,0.27821522309711283,0.21390374331550802
