,llama3-70b-8192,mixtral-8x7b-32768,gemma-7b-it
v2.1-json,0.2283737024221453,0.24813895781637718,0.20382165605095542
v2.1-custom1,0.21333333333333332,0.24929178470254956,0.11320754716981132
v2.1-unstruct,0.24444444444444444,0.275,0.24875621890547267
v2.1-custom2,0.23826714801444043,0.2229299363057325,0.11320754716981132
v2.1-custom4,0.2246376811594203,0.24193548387096772,0.11320754716981132
v2.1-md,0.22614840989399293,0.25,0.147239263803681
v2.1-html,0.2773722627737227,0.2179176755447942,0.11320754716981132
