,llama3-70b-8192,mixtral-8x7b-32768,gemma-7b-it
v2.1-custom1,0.42844294094747154,0.3567567567567567,0.18867924528301885
v2.1-json,0.42653773838302445,0.3905325443786982,0.3478260869565218
v2.1-unstruct,0.4142534788571705,0.3896848137535816,0.2650602409638554
v2.1-custom4,0.37706817039319823,0.4203821656050955,0.21118012422360252
v2.1-html,0.3435600731920973,0.3719470244238046,0.2603550295857988
v2.1-md,0.4313687128067172,0.4077134986225895,0.15384615384615385
v2.1-custom2,0.39436619718309857,0.34730538922155696,0.22929936305732487
