,llama3-70b-8192,mixtral-8x7b-32768,gemma-7b-it
v2.1-json,0.4909747292418773,0.36235294117647066,0.26666666666666666
v2.1-custom1,0.4487179487179487,0.3526448362720403,0.45535714285714285
v2.1-unstruct,0.5,0.3288201160541586,0.32460732984293195
v2.1-custom2,0.45806451612903226,0.3743842364532019,0.4663677130044843
v2.1-custom4,0.4615384615384615,0.33264887063655035,0.3495145631067961
v2.1-md,0.45806451612903226,0.40659340659340654,0.4396551724137931
v2.1-html,0.443579766536965,0.37837837837837845,0.4663677130044843
