,llama3-70b-8192,mixtral-8x7b-32768,gemma-7b-it
unstructured-io,0.27999999999999997,0.23906705539358603,0.13414634146341464
