,llama3-70b-8192,mixtral-8x7b-32768,gemma-7b-it
unstructured-io,0.3142857142857143,0.255863539445629,0.27649769585253453
