,question_01,question_02,question_03,question_04,question_05,question_06,question_07,question_08,question_09,question_10,question_11,question_12,question_13,question_14,question_15,question_16,question_17,question_18,question_19,question_20,question_21,question_22,question_23,question_24,question_25,question_26,question_27,question_28,question_29,question_30,question_31,question_32,question_33,question_34,question_35,question_36,question_37,question_38,question_39,question_40,question_41,question_42,question_43,question_44,question_45,question_46,question_47,question_48,question_49,question_50
unstructured-io,0.5114155251141552,0.39759036144578314,0.29940119760479045,0.28402366863905326,0.38,0.232258064516129,0.4900000000000001,0.3737373737373737,0.3870967741935484,0.2162162162162162,0.2073170731707317,0.44444444444444436,0.42857142857142855,0.19895287958115185,0.44680851063829785,0.3502824858757062,0.4512820512820513,0.31645569620253167,0.3194444444444444,0.34594594594594597,0.4722222222222222,0.5882352941176471,0.4541832669322709,0.43333333333333335,0.5592417061611374,0.43317972350230416,0.3365384615384615,0.18536585365853658,0.5147679324894515,0.5142857142857143,0.4666666666666667,0.5161290322580645,0.4909090909090909,0.39166666666666666,0.27225130890052357,0.4736842105263158,0.1904761904761905,0.4188034188034188,0.3141361256544503,0.31958762886597936,0.6994535519125683,0.5411764705882353,0.2012578616352201,0.35238095238095235,0.4717948717948718,0.4615384615384615,0.368,0.282051282051282,0.4109589041095891,0.2359550561797753
