,llama3-70b-8192,mixtral-8x7b-32768,gemma-7b-it
unstructured-io,0.26268656716417915,0.23376623376623376,0.12682926829268293
