,llama3-70b-8192,mixtral-8x7b-32768,gemma-7b-it
v2.1-custom4,0.4782608695652174,0.40586797066014674,0.18285714285714288
v2.1-json,0.4635761589403974,0.45333333333333337,0.18285714285714288
v2.1-custom2,0.5229681978798587,0.4418604651162791,0.18285714285714288
v2.1-unstruct,0.44637681159420295,0.4182692307692308,0.20571428571428568
v2.1-custom1,0.4755700325732899,0.4641833810888252,0.18285714285714288
v2.1-md,0.4686468646864686,0.4548104956268222,0.16091954022988506
v2.1-html,0.44520547945205474,0.4547803617571059,0.18285714285714288
