{
  "question_25": {
    "v2.1-unstruct": {
      "llama3-70b-8192": 0.5159010600706713,
      "mixtral-8x7b-32768": 0.4986449864498645,
      "gemma-7b-it": 0.2690058479532164
    },
    "v2.1-md": {
      "llama3-70b-8192": 0.5175718849840255,
      "mixtral-8x7b-32768": 0.36979166666666663,
      "gemma-7b-it": 0.27906976744186046
    },
    "v2.1-json": {
      "llama3-70b-8192": 0.44137931034482764,
      "mixtral-8x7b-32768": 0.4603174603174603,
      "gemma-7b-it": 0.2690058479532164
    },
    "v2.1-html": {
      "llama3-70b-8192": 0.4587813620071684,
      "mixtral-8x7b-32768": 0.44730077120822626,
      "gemma-7b-it": 0.2690058479532164
    },
    "v2.1-custom1": {
      "llama3-70b-8192": 0.4275862068965517,
      "mixtral-8x7b-32768": 0.45918367346938777,
      "gemma-7b-it": 0.2690058479532164
    },
    "v2.1-custom2": {
      "llama3-70b-8192": 0.42857142857142855,
      "mixtral-8x7b-32768": 0.32727272727272727,
      "gemma-7b-it": 0.27745664739884396
    },
    "v2.1-custom4": {
      "llama3-70b-8192": 0.532871972318339,
      "mixtral-8x7b-32768": 0.3935185185185185,
      "gemma-7b-it": 0.2690058479532164
    }
  },
  "question_26": {
    "v2.1-unstruct": {
      "llama3-70b-8192": 0.6204620462046205,
      "mixtral-8x7b-32768": 0.44111349036402564,
      "gemma-7b-it": 0.5206611570247933
    },
    "v2.1-md": {
      "llama3-70b-8192": 0.6761565836298933,
      "mixtral-8x7b-32768": 0.5480093676814988,
      "gemma-7b-it": 0.47826086956521746
    },
    "v2.1-json": {
      "llama3-70b-8192": 0.6915254237288136,
      "mixtral-8x7b-32768": 0.5906432748538012,
      "gemma-7b-it": 0.5084745762711864
    },
    "v2.1-html": {
      "llama3-70b-8192": 0.6936026936026936,
      "mixtral-8x7b-32768": 0.5095238095238094,
      "gemma-7b-it": 0.4056603773584906
    },
    "v2.1-custom1": {
      "llama3-70b-8192": 0.6578073089700998,
      "mixtral-8x7b-32768": 0.4618736383442266,
      "gemma-7b-it": 0.4566210045662101
    },
    "v2.1-custom2": {
      "llama3-70b-8192": 0.6976744186046512,
      "mixtral-8x7b-32768": 0.48356807511737093,
      "gemma-7b-it": 0.42990654205607476
    },
    "v2.1-custom4": {
      "llama3-70b-8192": 0.5544554455445545,
      "mixtral-8x7b-32768": 0.5217391304347826,
      "gemma-7b-it": 0.4845814977973568
    }
  },
  "question_27": {
    "v2.1-unstruct": {
      "llama3-70b-8192": 0.6397058823529411,
      "mixtral-8x7b-32768": 0.48607594936708864,
      "gemma-7b-it": 0.33333333333333337
    },
    "v2.1-md": {
      "llama3-70b-8192": 0.5724907063197026,
      "mixtral-8x7b-32768": 0.5048076923076924,
      "gemma-7b-it": 0.26136363636363635
    },
    "v2.1-json": {
      "llama3-70b-8192": 0.503030303030303,
      "mixtral-8x7b-32768": 0.46534653465346537,
      "gemma-7b-it": 0.26373626373626374
    },
    "v2.1-html": {
      "llama3-70b-8192": 0.48745519713261654,
      "mixtral-8x7b-32768": 0.46411483253588515,
      "gemma-7b-it": 0.26136363636363635
    },
    "v2.1-custom1": {
      "llama3-70b-8192": 0.5018726591760301,
      "mixtral-8x7b-32768": 0.509090909090909,
      "gemma-7b-it": 0.4722222222222222
    },
    "v2.1-custom2": {
      "llama3-70b-8192": 0.498220640569395,
      "mixtral-8x7b-32768": 0.5255102040816326,
      "gemma-7b-it": 0.3368421052631579
    },
    "v2.1-custom4": {
      "llama3-70b-8192": 0.6115107913669064,
      "mixtral-8x7b-32768": 0.4914841849148419,
      "gemma-7b-it": 0.3775510204081633
    }
  },
  "question_28": {
    "v2.1-unstruct": {
      "llama3-70b-8192": 0.4730538922155688,
      "mixtral-8x7b-32768": 0.3982102908277405,
      "gemma-7b-it": 0.18536585365853658
    },
    "v2.1-md": {
      "llama3-70b-8192": 0.4491017964071856,
      "mixtral-8x7b-32768": 0.42613636363636365,
      "gemma-7b-it": 0.17475728155339806
    },
    "v2.1-json": {
      "llama3-70b-8192": 0.4174454828660436,
      "mixtral-8x7b-32768": 0.4330900243309002,
      "gemma-7b-it": 0.18536585365853658
    },
    "v2.1-html": {
      "llama3-70b-8192": 0.425531914893617,
      "mixtral-8x7b-32768": 0.3592233009708738,
      "gemma-7b-it": 0.18536585365853658
    },
    "v2.1-custom1": {
      "llama3-70b-8192": 0.4470588235294118,
      "mixtral-8x7b-32768": 0.3347107438016529,
      "gemma-7b-it": 0.18536585365853658
    },
    "v2.1-custom2": {
      "llama3-70b-8192": 0.3624595469255663,
      "mixtral-8x7b-32768": 0.4137931034482758,
      "gemma-7b-it": 0.18536585365853658
    },
    "v2.1-custom4": {
      "llama3-70b-8192": 0.38953488372093026,
      "mixtral-8x7b-32768": 0.38046272493573263,
      "gemma-7b-it": 0.18536585365853658
    }
  },
  "question_29": {
    "v2.1-unstruct": {
      "llama3-70b-8192": 0.6098360655737705,
      "mixtral-8x7b-32768": 0.5547445255474452,
      "gemma-7b-it": 0.4845814977973569
    },
    "v2.1-md": {
      "llama3-70b-8192": 0.5412541254125411,
      "mixtral-8x7b-32768": 0.4643678160919541,
      "gemma-7b-it": 0.4936170212765958
    },
    "v2.1-json": {
      "llama3-70b-8192": 0.5345911949685535,
      "mixtral-8x7b-32768": 0.4621848739495798,
      "gemma-7b-it": 0.5042735042735043
    },
    "v2.1-html": {
      "llama3-70b-8192": 0.5835694050991501,
      "mixtral-8x7b-32768": 0.5566502463054187,
      "gemma-7b-it": 0.5043478260869566
    },
    "v2.1-custom1": {
      "llama3-70b-8192": 0.5676567656765676,
      "mixtral-8x7b-32768": 0.5183374083129585,
      "gemma-7b-it": 0.5043478260869566
    },
    "v2.1-custom2": {
      "llama3-70b-8192": 0.6599999999999999,
      "mixtral-8x7b-32768": 0.49148418491484175,
      "gemma-7b-it": 0.5021645021645021
    },
    "v2.1-custom4": {
      "llama3-70b-8192": 0.6134185303514378,
      "mixtral-8x7b-32768": 0.4182776801405975,
      "gemma-7b-it": 0.4956521739130435
    }
  },
  "question_30": {
    "v2.1-unstruct": {
      "llama3-70b-8192": 0.5256410256410255,
      "mixtral-8x7b-32768": 0.3942307692307693,
      "gemma-7b-it": 0.617283950617284
    },
    "v2.1-md": {
      "llama3-70b-8192": 0.5789473684210527,
      "mixtral-8x7b-32768": 0.31046931407942235,
      "gemma-7b-it": 0.4736842105263158
    },
    "v2.1-json": {
      "llama3-70b-8192": 0.5,
      "mixtral-8x7b-32768": 0.5974025974025975,
      "gemma-7b-it": 0.5546218487394958
    },
    "v2.1-html": {
      "llama3-70b-8192": 0.5490196078431373,
      "mixtral-8x7b-32768": 0.5569620253164557,
      "gemma-7b-it": 0.4915254237288136
    },
    "v2.1-custom1": {
      "llama3-70b-8192": 0.5972222222222222,
      "mixtral-8x7b-32768": 0.3146853146853147,
      "gemma-7b-it": 0.544
    },
    "v2.1-custom2": {
      "llama3-70b-8192": 0.5056179775280899,
      "mixtral-8x7b-32768": 0.3893805309734513,
      "gemma-7b-it": 0.6329113924050632
    },
    "v2.1-custom4": {
      "llama3-70b-8192": 0.5945945945945945,
      "mixtral-8x7b-32768": 0.29629629629629634,
      "gemma-7b-it": 0.5333333333333333
    }
  },
  "question_31": {
    "v2.1-unstruct": {
      "llama3-70b-8192": 0.5324232081911263,
      "mixtral-8x7b-32768": 0.43939393939393934,
      "gemma-7b-it": 0.48275862068965514
    },
    "v2.1-md": {
      "llama3-70b-8192": 0.4935897435897436,
      "mixtral-8x7b-32768": 0.4382284382284382,
      "gemma-7b-it": 0.4598540145985402
    },
    "v2.1-json": {
      "llama3-70b-8192": 0.48902821316614425,
      "mixtral-8x7b-32768": 0.43814432989690716,
      "gemma-7b-it": 0.4598540145985402
    },
    "v2.1-html": {
      "llama3-70b-8192": 0.513157894736842,
      "mixtral-8x7b-32768": 0.39429928741092635,
      "gemma-7b-it": 0.4326241134751773
    },
    "v2.1-custom1": {
      "llama3-70b-8192": 0.4666666666666667,
      "mixtral-8x7b-32768": 0.43555555555555553,
      "gemma-7b-it": 0.4094488188976378
    },
    "v2.1-custom2": {
      "llama3-70b-8192": 0.4166666666666667,
      "mixtral-8x7b-32768": 0.5044510385756676,
      "gemma-7b-it": 0.4268774703557312
    },
    "v2.1-custom4": {
      "llama3-70b-8192": 0.5175718849840255,
      "mixtral-8x7b-32768": 0.3946784922394679,