,question_01,question_02,question_03,question_04,question_05,question_06,question_07,question_08,question_09,question_10,question_11,question_12,question_13,question_14,question_15,question_16,question_17,question_18,question_19,question_20,question_21,question_22,question_23,question_24,question_25,question_26,question_27,question_28,question_29,question_30,question_31,question_32,question_33,question_34,question_35,question_36,question_37,question_38,question_39,question_40,question_41,question_42,question_43,question_44,question_45,question_46,question_47,question_48,question_49,question_50
unstructured-io,0.4793388429752066,0.5676855895196506,0.5648854961832062,0.515625,0.3450704225352113,0.45414847161572053,0.5354838709677419,0.4261363636363636,0.6539682539682541,0.5271317829457365,0.3906705539358601,0.6059113300492611,0.334841628959276,0.5031055900621119,0.5954692556634305,0.41887905604719766,0.618705035971223,0.471830985915493,0.40170940170940167,0.5590062111801242,0.36676217765042984,0.6666666666666666,0.4752941176470588,0.5724907063197026,0.49264705882352944,0.46481876332622607,0.37529691211401434,0.4207792207792208,0.40160642570281124,0.60431654676259,0.4396135265700483,0.49500000000000005,0.5619834710743802,0.05952380952380953,0.56575682382134,0.47474747474747475,0.5369649805447471,0.48717948717948717,0.48404255319148937,0.4319526627218935,0.08695652173913043,0.5813148788927336,0.5286624203821656,0.6222222222222222,0.4748858447488584,0.5142857142857142,0.5229885057471264,0.39999999999999997,0.4359673024523161,0.43749999999999994
