,llama3-70b-8192,mixtral-8x7b-32768,gemma-7b-it
unstructured-io,0.6341463414634148,0.6222222222222222,0.35238095238095235
