,llama3-70b-8192,mixtral-8x7b-32768,gemma-7b-it
unstructured-io,0.34782608695652173,0.3178294573643411,0.14864864864864863
