,llama3-70b-8192,mixtral-8x7b-32768,gemma-7b-it
v2.1-json,0.45652173913043476,0.4263959390862945,0.2694300518134715
v2.1-custom1,0.6007905138339921,0.391705069124424,0.4292682926829268
v2.1-unstruct,0.36220472440944873,0.4202898550724638,0.4485981308411215
v2.1-custom2,0.4029850746268656,0.5123456790123456,0.21839080459770116
v2.1-custom4,0.44609665427509293,0.3928571428571429,0.18478260869565216
v2.1-md,0.4444444444444445,0.3248730964467005,0.23728813559322035
v2.1-html,0.42857142857142855,0.3969465648854962,0.22988505747126434
