,llama3-70b-8192,mixtral-8x7b-32768,gemma-7b-it
unstructured-io,0.5176470588235295,0.48717948717948717,0.4188034188034188
