,llama3-70b-8192,mixtral-8x7b-32768,gemma-7b-it
unstructured-io,0.27177700348432055,0.2545454545454545,0.20512820512820515
