,llama3-70b-8192,mixtral-8x7b-32768,gemma-7b-it,claude-3-opus-20240229,gpt-3.5-turbo
v2.1-json,0.7045454545454546,0.4957983193277311,0.4648648648648649,0.0,0.0
v2.1-unstruct,0.6332239835256932,0.5837563451776651,0.32558139534883723,0.0,0.0
v2.1-html,0.6950255102040817,0.4948979591836736,0.2918918918918919,0.0,0.0
v2.1-custom2,0.7142596281540505,0.5490196078431372,0.2918918918918919,0.0,0.0
v2.1-custom1,0.7244094488188977,0.5772151898734178,0.4842105263157895,0.0,0.0
v2.1-md,0.7238985968868,0.5852272727272727,0.3468208092485549,0.0,0.0
v2.1-toml,0.6437718904355635,0.0,0.4598930481283422,0.0,0.0
