,llama3-70b-8192,mixtral-8x7b-32768,gemma-7b-it
unstructured-io,0.4928909952606635,0.471830985915493,0.31645569620253167
