,llama3-70b-8192,mixtral-8x7b-32768,gemma-7b-it
unstructured-io,0.6519823788546256,0.5813148788927336,0.5411764705882353
