,llama3-70b-8192,mixtral-8x7b-32768,gemma-7b-it
v2.1-json,0.6449275362318841,0.49122807017543857,0.4734299516908212
v2.1-custom1,0.6643835616438355,0.10526315789473684,0.46073298429319376
v2.1-unstruct,0.7103448275862069,0.5013192612137204,0.42051282051282046
v2.1-custom2,0.6144200626959248,0.5250596658711216,0.3939393939393939
v2.1-custom4,0.6513157894736842,0.4151785714285714,0.29508196721311475
v2.1-md,0.6582278481012659,0.501240694789082,0.5201465201465201
v2.1-html,0.6577181208053691,0.4977973568281938,0.2841530054644809
