,llama3-70b-8192,mixtral-8x7b-32768,gemma-7b-it,claude-3-opus-20240229,gpt-3.5-turbo
v2.1-custom1,0.49348605629079273,0.34759358288770054,0.5221674876847291,0.0,0.0
v2.1-toml,0.535850106024264,0.38123167155425225,0.13664596273291926,0.0,0.0
v2.1-custom2,0.48554746556542394,0.4099378881987577,0.4522613065326633,0.0,0.0
v2.1-json,0.5154320987654322,0.3607427055702918,0.5221674876847291,0.0,0.0
v2.1-unstruct,0.5943198804185351,0.5020576131687242,0.4397905759162304,0.0,0.0
v2.1-html,0.5081663096876078,0.37119113573407203,0.405940594059406,0.0,0.0
v2.1-md,0.47093821510297484,0.3906705539358601,0.5427135678391959,0.0,0.0
