{
  "question_01": {
    "unstructured-io": {
      "llama3-70b-8192": 0.46387832699619774,
      "mixtral-8x7b-32768": 0.2920110192837465,
      "gemma-7b-it": 0.42922374429223736
    }
  },
  "question_02": {
    "unstructured-io": {
      "llama3-70b-8192": 0.35999999999999993,
      "mixtral-8x7b-32768": 0.36681222707423583,
      "gemma-7b-it": 0.32530120481927716
    }
  },
  "question_03": {
    "unstructured-io": {
      "llama3-70b-8192": 0.4659498207885304,
      "mixtral-8x7b-32768": 0.3435114503816794,
      "gemma-7b-it": 0.26347305389221554
    }
  },
  "question_04": {
    "unstructured-io": {
      "llama3-70b-8192": 0.3269230769230769,
      "mixtral-8x7b-32768": 0.2890625,
      "gemma-7b-it": 0.17751479289940827
    }
  }
}