,llama3-70b-8192,mixtral-8x7b-32768,gemma-7b-it,claude-3-opus-20240229,gpt-3.5-turbo
v2-html,0.6873015120633265,0.5915492957746479,0.4761904761904761,0.0,0.0
v2-custom1,0.6573219862213641,0.5612903225806452,0.37931034482758624,0.0,0.0
v2-json,0.6665914412349384,0.6808510638297872,0.303030303030303,0.0,0.0
v2-custom2,0.6894197952218429,0.5912408759124087,0.4761904761904761,0.0,0.0
v2-md,0.6360025134551813,0.6292834890965733,0.2958579881656805,0.0,0.0
v0-unstruct,0.6993006993006995,0.6007326007326007,0.21656050955414016,0.0,0.0
