,llama3-70b-8192,mixtral-8x7b-32768,gemma-7b-it
unstructured-io,0.5526315789473685,0.60431654676259,0.5142857142857143
