,llama3-70b-8192,mixtral-8x7b-32768,gemma-7b-it
v2.1-md,0.5369127516778524,0.4312796208530806,0.17341040462427748
v2.1-custom4,0.5256410256410257,0.4876847290640394,0.2430939226519337
v2.1-json,0.5615141955835962,0.5121293800539084,0.17341040462427748
v2.1-custom1,0.5478547854785478,0.47321428571428575,0.17341040462427748
v2.1-custom2,0.4955223880597015,0.47555555555555556,0.2430939226519337
v2.1-unstruct,0.5266666666666667,0.4884318766066839,0.17341040462427748
v2.1-html,0.5308641975308643,0.4354430379746835,0.17341040462427748
