,llama3-70b-8192,mixtral-8x7b-32768,gemma-7b-it
v2.1-json,0.40138408304498274,0.337468982630273,0.22929936305732485
v2.1-custom1,0.38666666666666666,0.3909348441926345,0.18867924528301885
v2.1-unstruct,0.3777777777777778,0.44375,0.37810945273631846
v2.1-custom2,0.4332129963898917,0.3949044585987261,0.18867924528301885
v2.1-custom4,0.4275362318840579,0.43010752688172044,0.18867924528301885
v2.1-md,0.42402826855123676,0.3722222222222222,0.2331288343558282
v2.1-html,0.47445255474452547,0.37772397094430993,0.18867924528301885
