,llama3-70b-8192,mixtral-8x7b-32768,gemma-7b-it
v2.1-custom4,0.5057471264367815,0.472972972972973,0.18947368421052632
v2.1-unstruct,0.5704918032786885,0.5571030640668524,0.1702127659574468
v2.1-md,0.4750733137829912,0.5012048192771085,0.1702127659574468
v2.1-custom1,0.5031446540880503,0.38602941176470584,0.1702127659574468
v2.1-html,0.5582822085889572,0.45801526717557256,0.1702127659574468
v2.1-custom2,0.5382436260623229,0.5295629820051414,0.1702127659574468
v2.1-json,0.5687500000000001,0.4619164619164619,0.1702127659574468
