,llama3-70b-8192,mixtral-8x7b-32768,gemma-7b-it
unstructured-io,0.5225225225225225,0.3746031746031746,0.33548387096774196
