,llama3-70b-8192,mixtral-8x7b-32768,gemma-7b-it,claude-3-opus-20240229,gpt-3.5-turbo
v2.1-custom1,0.6919614064958853,0.4705882352941176,0.6009852216748769,0.0,0.0
v2.1-toml,0.7104807592032537,0.5454545454545455,0.17391304347826086,0.0,0.0
v2.1-custom2,0.6411611805556885,0.5590062111801242,0.6130653266331658,0.0,0.0
v2.1-json,0.7006172839506174,0.4721485411140583,0.6009852216748769,0.0,0.0
v2.1-unstruct,0.6878923766816144,0.683127572016461,0.5968586387434555,0.0,0.0
v2.1-html,0.7041166068549436,0.5207756232686981,0.603960396039604,0.0,0.0
v2.1-md,0.6715230104246123,0.5131195335276968,0.6130653266331658,0.0,0.0
