,llama3-70b-8192,mixtral-8x7b-32768,gemma-7b-it
v2.1-custom4,0.5714285714285713,0.3159922928709056,0.46017699115044247
v2.1-unstruct,0.5165562913907283,0.5117647058823529,0.4657534246575342
v2.1-md,0.5664335664335663,0.4541062801932368,0.56
v2.1-custom1,0.6183206106870229,0.4831460674157304,0.45662100456621
v2.1-html,0.593984962406015,0.44717444717444715,0.4788732394366198
v2.1-custom2,0.6130268199233716,0.529616724738676,0.4477611940298507
v2.1-json,0.593103448275862,0.5,0.46009389671361506
