,llama3-70b-8192,mixtral-8x7b-32768,gemma-7b-it
v2.1-custom4,0.6006600660066006,0.5339805825242718,0.23387096774193547
v2.1-json,0.6491803278688524,0.4329159212880143,0.5498007968127491
v2.1-custom2,0.6217948717948718,0.5243619489559165,0.5533596837944664
v2.1-unstruct,0.6389776357827476,0.5010183299389002,0.5581395348837209
v2.1-custom1,0.5648414985590777,0.5244444444444445,0.5306122448979592
v2.1-md,0.5723684210526315,0.4848484848484849,0.5577689243027889
v2.1-html,0.5742574257425742,0.4475524475524476,0.5306122448979592
