,llama3-70b-8192,mixtral-8x7b-32768,gemma-7b-it
unstructured-io,0.45333333333333325,0.3906705539358601,0.2073170731707317
