,llama3-70b-8192,mixtral-8x7b-32768,gemma-7b-it
v2.1-json,0.5475285171102662,0.43010752688172044,0.19753086419753085
v2.1-custom1,0.5376344086021505,0.41621621621621624,0.2073170731707317
v2.1-unstruct,0.4944649446494465,0.005125449510188897,0.19753086419753085
v2.1-custom2,0.4655737704918033,0.2949640287769784,0.2073170731707317
v2.1-custom4,0.43902439024390244,0.3575638506876228,0.2073170731707317
v2.1-md,0.5104895104895105,0.39276485788113696,0.19753086419753085
v2.1-html,0.47811447811447816,0.40609137055837563,0.2073170731707317
