,llama3-70b-8192,mixtral-8x7b-32768,gemma-7b-it
v2.1-json,0.5000000000000001,0.604255319148936,0.32432432432432434
v2.1-custom1,0.4392523364485981,0.5477178423236515,0.32432432432432434
v2.1-unstruct,0.5192307692307692,0.540084388185654,0.32432432432432434
v2.1-custom2,0.34394904458598724,0.47154471544715443,0.3221476510067114
v2.1-custom4,0.4368932038834951,0.0,0.2777777777777778
v2.1-md,0.4597701149425288,0.5046728971962617,0.2916666666666667
v2.1-html,0.5232558139534883,0.3986486486486487,0.32432432432432434
