,llama3-70b-8192,mixtral-8x7b-32768,gemma-7b-it
unstructured-io,0.27439024390243905,0.27011494252873564,0.208
