,llama3-70b-8192,mixtral-8x7b-32768,gemma-7b-it
unstructured-io,0.5617977528089887,0.5286624203821656,0.2012578616352201
