,llama3-70b-8192,mixtral-8x7b-32768,gemma-7b-it
unstructured-io,0.3612334801762115,0.3944636678200692,0.3411764705882353
