{
  "question_01": {
    "v2.1-unstruct": {
      "llama3-70b-8192": 0.46715328467153283,
      "mixtral-8x7b-32768": 0.3192771084337349,
      "gemma-7b-it": 0.26589595375722547
    },
    "v2.1-md": {
      "llama3-70b-8192": 0.4883720930232558,
      "mixtral-8x7b-32768": 0.433048433048433,
      "gemma-7b-it": 0.26589595375722547
    },
    "v2.1-json": {
      "llama3-70b-8192": 0.4887218045112782,
      "mixtral-8x7b-32768": 0.38495575221238937,
      "gemma-7b-it": 0.26589595375722547
    },
    "v2.1-html": {
      "llama3-70b-8192": 0.4848484848484849,
      "mixtral-8x7b-32768": 0.45103857566765576,
      "gemma-7b-it": 0.27218934911242604
    },
    "v2.1-custom1": {
      "llama3-70b-8192": 0.46875000000000006,
      "mixtral-8x7b-32768": 0.336980306345733,
      "gemma-7b-it": 0.45263157894736844
    },
    "v2.1-custom2": {
      "llama3-70b-8192": 0.5220883534136547,
      "mixtral-8x7b-32768": 0.3674418604651163,
      "gemma-7b-it": 0.29411764705882354
    },
    "v2.1-custom4": {
      "llama3-70b-8192": 0.532319391634981,
      "mixtral-8x7b-32768": 0.32019704433497537,
      "gemma-7b-it": 0.2905027932960894
    }
  },
  "question_02": {
    "v2.1-unstruct": {
      "llama3-70b-8192": 0.5590551181102362,
      "mixtral-8x7b-32768": 0.35,
      "gemma-7b-it": 0.5427135678391959
    },
    "v2.1-md": {
      "llama3-70b-8192": 0.4736842105263158,
      "mixtral-8x7b-32768": 0.37016574585635365,
      "gemma-7b-it": 0.5427135678391959
    },
    "v2.1-json": {
      "llama3-70b-8192": 0.5185185185185186,
      "mixtral-8x7b-32768": 0.28710462287104627,
      "gemma-7b-it": 0.5221674876847291
    },
    "v2.1-html": {
      "llama3-70b-8192": 0.49361702127659574,
      "mixtral-8x7b-32768": 0.36571428571428566,
      "gemma-7b-it": 0.40594059405940597
    },
    "v2.1-custom1": {
      "llama3-70b-8192": 0.5114155251141552,
      "mixtral-8x7b-32768": 0.4110429447852761,
      "gemma-7b-it": 0.5221674876847291
    },
    "v2.1-custom2": {
      "llama3-70b-8192": 0.4977375565610859,
      "mixtral-8x7b-32768": 0.3119777158774374,
      "gemma-7b-it": 0.4522613065326633
    },
    "v2.1-custom4": {
      "llama3-70b-8192": 0.5181818181818182,
      "mixtral-8x7b-32768": 0.4114285714285714,
      "gemma-7b-it": 0.4
    }
  },
  "question_03": {
    "v2.1-unstruct": {
      "llama3-70b-8192": 0.465863453815261,
      "mixtral-8x7b-32768": 0.4897959183673469,
      "gemma-7b-it": 0.18867924528301885
    },
    "v2.1-md": {
      "llama3-70b-8192": 0.42038216560509556,
      "mixtral-8x7b-32768": 0.44128113879003555,
      "gemma-7b-it": 0.24096385542168677
    },
    "v2.1-json": {
      "llama3-70b-8192": 0.4598540145985402,
      "mixtral-8x7b-32768": 0.41042345276872966,
      "gemma-7b-it": 0.27218934911242604
    },
    "v2.1-html": {
      "llama3-70b-8192": 0.4435146443514644,
      "mixtral-8x7b-32768": 0.36874999999999997,
      "gemma-7b-it": 0.24096385542168677
    },
    "v2.1-custom1": {
      "llama3-70b-8192": 0.460431654676259,
      "mixtral-8x7b-32768": 0.4492307692307692,
      "gemma-7b-it": 0.30150753768844224
    },
    "v2.1-custom2": {
      "llama3-70b-8192": 0.4435146443514644,
      "mixtral-8x7b-32768": 0.42388059701492536,
      "gemma-7b-it": 0.27586206896551724
    },
    "v2.1-custom4": {
      "llama3-70b-8192": 0.4258064516129032,
      "mixtral-8x7b-32768": 0.40633245382585753,
      "gemma-7b-it": 0.26595744680851063
    }
  }
}