,question_01,question_02,question_03
v2.1-unstruct,0.51812004419073,0.6606190273550623,0.5585467274996071
v2.1-md,0.5554743606586091,0.6005411522173635,0.5098632182138693
v2.1-json,0.5616963420294391,0.5922791554975463,0.544375779933106
v2.1-html,0.4940341170251885,0.6104579419820363,0.5346968821536549
v2.1-custom1,0.595278388336035,0.5891071254222998,0.5644249424530653
v2.1-custom2,0.5210445739857504,0.6144199790123902,0.5205651914696009
v2.1-custom4,0.4583850648842629,0.6044467336252038,0.5077190418034284
