,llama3-70b-8192,mixtral-8x7b-32768,gemma-7b-it
v2.1-custom4,0.31952662721893493,0.25,0.1878453038674033
v2.1-json,0.3483870967741935,0.2857142857142857,0.16184971098265893
v2.1-custom2,0.31055900621118016,0.2887139107611548,0.1878453038674033
v2.1-unstruct,0.4086687306501548,0.25,0.16184971098265893
v2.1-custom1,0.36226415094339626,0.2842639593908629,0.16184971098265893
v2.1-md,0.3475177304964539,0.266304347826087,0.16184971098265893
v2.1-html,0.33098591549295775,0.29439252336448596,0.16184971098265893
