,llama3-70b-8192,mixtral-8x7b-32768,gemma-7b-it
v2.1-custom1,0.41693811074918563,0.4392764857881137,0.1890547263681592
v2.1-custom2,0.523961661341853,0.15730337078651688,0.1890547263681592
v2.1-custom4,0.5028248587570622,0.36679536679536673,0.198019801980198
v2.1-md,0.4578313253012048,0.411522633744856,0.18
v2.1-json,0.4557823129251701,0.16574585635359115,0.17
v2.1-unstruct,0.5531914893617021,0.5036319612590799,0.3629032258064516
v2.1-html,0.5,0.5178147268408552,0.17085427135678394
