,llama3-70b-8192,mixtral-8x7b-32768,gemma-7b-it
v2.1-md,0.6213592233009708,0.6619217081850534,0.2891566265060241
v2.1-custom4,0.6621621621621622,0.509090909090909,0.35106382978723405
v2.1-json,0.6693227091633467,0.6135693215339233,0.36781609195402304
v2.1-custom1,0.6474820143884892,0.6555183946488294,0.46231155778894467
v2.1-custom2,0.6610878661087866,0.6798679867986799,0.3195266272189349
v2.1-unstruct,0.6747967479674797,0.6363636363636364,0.22641509433962262
v2.1-html,0.6610878661087866,0.6559485530546624,0.2891566265060241
