,llama3-70b-8192,mixtral-8x7b-32768,gemma-7b-it
v2.1-custom4,0.4548736462093863,0.4974619289340102,0.3584905660377359
v2.1-unstruct,0.5415384615384615,0.48580441640378547,0.41148325358851673
v2.1-md,0.4900662251655629,0.4923857868020305,0.3963963963963964
v2.1-custom1,0.5082508250825082,0.4008179959100205,0.26999999999999996
v2.1-html,0.5100671140939597,0.5054945054945055,0.37914691943127965
v2.1-custom2,0.49266862170087977,0.48275862068965514,0.3627906976744186
v2.1-json,0.4919093851132686,0.4337349397590361,0.40566037735849053
