,llama3-70b-8192,mixtral-8x7b-32768,gemma-7b-it
v2.1-json,0.6491803278688524,0.4563279857397504,0.5498007968127491
v2.1-custom1,0.5648414985590777,0.4807692307692308,0.5306122448979592
v2.1-unstruct,0.6388888888888888,0.5167037861915368,0.5555555555555556
v2.1-custom2,0.6217948717948718,0.5980392156862746,0.5533596837944664
v2.1-custom4,0.6006600660066006,0.48800000000000004,0.23387096774193547
v2.1-md,0.5723684210526315,0.5144032921810701,0.5577689243027889
v2.1-html,0.5742574257425742,0.5518987341772151,0.5306122448979592
