,llama3-70b-8192,mixtral-8x7b-32768,gemma-7b-it
v2.1-json,0.39999999999999997,0.3244206773618538,0.3904382470119522
v2.1-custom1,0.36887608069164257,0.31923076923076926,0.37551020408163266
v2.1-unstruct,0.3958333333333333,0.36525612472160357,0.3888888888888889
v2.1-custom2,0.40384615384615385,0.4019607843137255,0.39525691699604737
v2.1-custom4,0.429042904290429,0.316,0.1693548387096774
v2.1-md,0.375,0.3539094650205761,0.4143426294820716
v2.1-html,0.36963696369636967,0.38987341772151896,0.37551020408163266
