,llama3-70b-8192,mixtral-8x7b-32768,gemma-7b-it
unstructured-io,0.6,0.46481876332622607,0.43317972350230416
