,llama3-70b-8192,mixtral-8x7b-32768,gemma-7b-it
unstructured-io,0.2723004694835681,0.24786324786324784,0.2361111111111111
