,llama3-70b-8192,mixtral-8x7b-32768,gemma-7b-it
unstructured-io,0.4659498207885304,0.3435114503816794,0.26347305389221554
