{
  "question_36": {
    "v2.1-unstruct": {
      "llama3-70b-8192": 0.3206751054852321,
      "mixtral-8x7b-32768": 0.4144144144144144,
      "gemma-7b-it": 0.2628571428571429
    },
    "v2.1-md": {
      "llama3-70b-8192": 0.3166666666666667,
      "mixtral-8x7b-32768": 0.27988338192419826,
      "gemma-7b-it": 0.2918918918918919
    },
    "v2.1-json": {
      "llama3-70b-8192": 0.3534136546184739,
      "mixtral-8x7b-32768": 0.49635036496350365,
      "gemma-7b-it": 0.31
    },
    "v2.1-html": {
      "llama3-70b-8192": 0.3162393162393162,
      "mixtral-8x7b-32768": 0.42567567567567566,
      "gemma-7b-it": 0.2138364779874214
    },
    "v2.1-custom1": {
      "llama3-70b-8192": 0.31489361702127666,
      "mixtral-8x7b-32768": 0.45384615384615384,
      "gemma-7b-it": 0.2937853107344633
    },
    "v2.1-custom2": {
      "llama3-70b-8192": 0.36947791164658633,
      "mixtral-8x7b-32768": 0.36551724137931035,
      "gemma-7b-it": 0.3020833333333333
    },
    "v2.1-custom4": {
      "llama3-70b-8192": 0.31967213114754095,
      "mixtral-8x7b-32768": 0.3333333333333333,
      "gemma-7b-it": 0.1875
    }
  },
  "question_37": {
    "v2.1-unstruct": {
      "llama3-70b-8192": 0.3622641509433962,
      "mixtral-8x7b-32768": 0.321285140562249,
      "gemma-7b-it": 0.2073170731707317
    },
    "v2.1-md": {
      "llama3-70b-8192": 0.3949579831932773,
      "mixtral-8x7b-32768": 0.42975206611570244,
      "gemma-7b-it": 0.22727272727272727
    },
    "v2.1-json": {
      "llama3-70b-8192": 0.4146341463414634,
      "mixtral-8x7b-32768": 0.4072398190045249,
      "gemma-7b-it": 0.23280423280423285
    },
    "v2.1-html": {
      "llama3-70b-8192": 0.38095238095238093,
      "mixtral-8x7b-32768": 0.4033613445378151,
      "gemma-7b-it": 0.16666666666666666
    },
    "v2.1-custom1": {
      "llama3-70b-8192": 0.42975206611570244,
      "mixtral-8x7b-32768": 0.4230769230769231,
      "gemma-7b-it": 0.16666666666666666
    },
    "v2.1-custom2": {
      "llama3-70b-8192": 0.47210300429184543,
      "mixtral-8x7b-32768": 0.3610315186246419,
      "gemma-7b-it": 0.16568047337278108
    },
    "v2.1-custom4": {
      "llama3-70b-8192": 0.41129032258064513,
      "mixtral-8x7b-32768": 0.2766990291262136,
      "gemma-7b-it": 0.16568047337278108
    }
  },
  "question_38": {
    "v2.1-unstruct": {
      "llama3-70b-8192": 0.23272727272727273,
      "mixtral-8x7b-32768": 0.20448877805486285,
      "gemma-7b-it": 0.23076923076923078
    },
    "v2.1-md": {
      "llama3-70b-8192": 0.5112781954887218,
      "mixtral-8x7b-32768": 0.41919191919191917,
      "gemma-7b-it": 0.2949308755760368
    },
    "v2.1-json": {
      "llama3-70b-8192": 0.5298013245033112,
      "mixtral-8x7b-32768": 0.3212435233160622,
      "gemma-7b-it": 0.35540069686411146
    },
    "v2.1-html": {
      "llama3-70b-8192": 0.48550724637681153,
      "mixtral-8x7b-32768": 0.4389027431421446,
      "gemma-7b-it": 0.15706806282722513
    },
    "v2.1-custom1": {
      "llama3-70b-8192": 0.4946236559139785,
      "mixtral-8x7b-32768": 0.3760330578512397,
      "gemma-7b-it": 0.24154589371980675
    },
    "v2.1-custom2": {
      "llama3-70b-8192": 0.48550724637681153,
      "mixtral-8x7b-32768": 0.41999999999999993,
      "gemma-7b-it": 0.20560747663551399
    },
    "v2.1-custom4": {
      "llama3-70b-8192": 0.4632352941176471,
      "mixtral-8x7b-32768": 0.3834196891191709,
      "gemma-7b-it": 0.12087912087912087
    }
  },
  "question_39": {
    "v2.1-unstruct": {
      "llama3-70b-8192": 0.31384615384615383,
      "mixtral-8x7b-32768": 0.27129337539432175,
      "gemma-7b-it": 0.27751196172248804
    },
    "v2.1-md": {
      "llama3-70b-8192": 0.2781456953642384,
      "mixtral-8x7b-32768": 0.28426395939086296,
      "gemma-7b-it": 0.27027027027027023
    },
    "v2.1-json": {
      "llama3-70b-8192": 0.3300970873786408,
      "mixtral-8x7b-32768": 0.25060240963855424,
      "gemma-7b-it": 0.2641509433962264
    },
    "v2.1-html": {
      "llama3-70b-8192": 0.2885906040268456,
      "mixtral-8x7b-32768": 0.2747252747252747,
      "gemma-7b-it": 0.2559241706161137
    },
    "v2.1-custom1": {
      "llama3-70b-8192": 0.2904290429042904,
      "mixtral-8x7b-32768": 0.24948875255623726,
      "gemma-7b-it": 0.19999999999999998
    },
    "v2.1-custom2": {
      "llama3-70b-8192": 0.2991202346041056,
      "mixtral-8x7b-32768": 0.28116710875331563,
      "gemma-7b-it": 0.23255813953488372
    },
    "v2.1-custom4": {
      "llama3-70b-8192": 0.3104693140794224,
      "mixtral-8x7b-32768": 0.25888324873096447,
      "gemma-7b-it": 0.2358490566037736
    }
  },
  "question_40": {
    "v2.1-unstruct": {
      "llama3-70b-8192": 0.3793103448275862,
      "mixtral-8x7b-32768": 0.3002421307506053,
      "gemma-7b-it": 0.3314285714285714
    },
    "v2.1-md": {
      "llama3-70b-8192": 0.5072886297376094,
      "mixtral-8x7b-32768": 0.25069637883008355,
      "gemma-7b-it": 0.3877551020408164
    },
    "v2.1-json": {
      "llama3-70b-8192": 0.4666666666666667,
      "mixtral-8x7b-32768": 0.29319371727748694,
      "gemma-7b-it": 0.4150943396226416
    },
    "v2.1-html": {
      "llama3-70b-8192": 0.39743589743589747,
      "mixtral-8x7b-32768": 0.17422867513611617,
      "gemma-7b-it": 0.4018264840182648
    },
    "v2.1-custom1": {
      "llama3-70b-8192": 0.40939597315436244,
      "mixtral-8x7b-32768": 0.2747747747747748,
      "gemma-7b-it": 0.40414507772020725
    },
    "v2.1-custom2": {
      "llama3-70b-8192": 0.35542168674698793,
      "mixtral-8x7b-32768": 0.510385756676558,
      "gemma-7b-it": 0.3314285714285714
    },
    "v2.1-custom4": {
      "llama3-70b-8192": 0.3602484472049689,
      "mixtral-8x7b-32768": 0.3108108108108108,
      "gemma-7b-it": 0.42105263157894735
    }
  }
}