,llama3-70b-8192,mixtral-8x7b-32768,gemma-7b-it
v2.1-custom4,0.5986394557823129,0.5916230366492147,0.21649484536082475
v2.1-json,0.5776173285198555,0.5213032581453634,0.20833333333333334
v2.1-custom2,0.5840220385674931,0.5172413793103449,0.21649484536082475
v2.1-unstruct,0.49099099099099097,0.5291479820627802,0.37810945273631835
v2.1-custom1,0.6094674556213019,0.39768339768339767,0.21761658031088082
v2.1-md,0.5898876404494383,0.5813953488372093,0.21761658031088082
v2.1-html,0.5817174515235458,0.5602094240837696,0.21761658031088082
