,llama3-70b-8192,mixtral-8x7b-32768,gemma-7b-it
unstructured-io,0.3769968051118211,0.24470588235294116,0.25498007968127495
