,llama3-70b-8192,mixtral-8x7b-32768,gemma-7b-it
unstructured-io,0.5714285714285715,0.32903225806451614,0.36
