,llama3-70b-8192,mixtral-8x7b-32768,gemma-7b-it
unstructured-io,0.2637362637362637,0.19477434679334918,0.22115384615384615
