,llama3-70b-8192,mixtral-8x7b-32768,gemma-7b-it
v2.1-custom1,0.42142857142857143,0.2967914438502674,0.3018867924528302
v2.1-custom2,0.45390070921985815,0.3819095477386935,0.25252525252525254
v2.1-custom4,0.42724458204334365,0.30112359550561796,0.22459893048128346
v2.1-md,0.41958041958041964,0.39892183288409705,0.3225806451612903
v2.1-json,0.4236111111111111,0.4172335600907029,0.339622641509434
v2.1-unstruct,0.503225806451613,0.316622691292876,0.2408376963350785
v2.1-html,0.416382252559727,0.44938271604938274,0.23115577889447234
