,llama3-70b-8192,mixtral-8x7b-32768,gemma-7b-it
v2.1-custom4,0.5665236051502146,0.434065934065934,0.5837837837837838
v2.1-unstruct,0.6484374999999999,0.46280991735537186,0.6413043478260869
v2.1-md,0.5777777777777778,0.432601880877743,0.6701570680628273
v2.1-custom1,0.5975103734439834,0.4097560975609756,0.5423728813559322
v2.1-html,0.5138339920948617,0.41145833333333337,0.5764705882352942
v2.1-custom2,0.6695278969957081,0.43786982248520706,0.6516853932584269
v2.1-json,0.6419753086419754,0.3626943005181347,0.5745856353591161
