,llama3-70b-8192,mixtral-8x7b-32768,gemma-7b-it
v2.1-custom1,0.45833333333333326,0.21678321678321677,0.416
v2.1-custom2,0.39325842696629215,0.2743362831858407,0.5316455696202531
v2.1-custom4,0.445945945945946,0.20202020202020202,0.35000000000000003
v2.1-md,0.43421052631578944,0.2093862815884476,0.38596491228070173
v2.1-json,0.3695652173913043,0.4025974025974026,0.4369747899159664
v2.1-unstruct,0.42307692307692313,0.23076923076923075,0.5185185185185185
v2.1-html,0.43137254901960786,0.5316455696202531,0.38983050847457623
