,llama3-70b-8192,mixtral-8x7b-32768,gemma-7b-it
v2.1-json,0.4140350877192982,0.4479495268138801,0.36756756756756753
v2.1-custom1,0.4958677685950413,0.4213649851632048,0.4324324324324324
v2.1-unstruct,0.47580645161290325,0.417910447761194,0.4583333333333333
v2.1-custom2,0.48559670781893005,0.4489795918367347,0.42708333333333337
v2.1-custom4,0.3615384615384615,0.3850267379679145,0.467005076142132
v2.1-md,0.4496124031007752,0.47284345047923326,0.4455958549222798
v2.1-html,0.4669260700389105,0.422360248447205,0.36548223350253806
