,llama3-70b-8192,mixtral-8x7b-32768,gemma-7b-it
unstructured-io,0.48902821316614414,0.43749999999999994,0.2359550561797753
