,llama3-70b-8192,mixtral-8x7b-32768,gemma-7b-it
unstructured-io,0.3647798742138365,0.40148698884758366,0.37777777777777777
