,llama3-70b-8192,mixtral-8x7b-32768,gemma-7b-it,claude-3-opus-20240229,gpt-3.5-turbo
v2.1-custom1,0.4645669291338583,0.4000000000000001,0.4421052631578948,0.0,0.0
v2.1-toml,0.5241270567889931,0.0,0.3850267379679144,0.0,0.0
v2.1-custom2,0.5396825396825397,0.338235294117647,0.227027027027027,0.0,0.0
v2.1-json,0.5147864184008762,0.37394957983193283,0.4108108108108108,0.0,0.0
v2.1-unstruct,0.5093395252837977,0.45177664974619286,0.26744186046511625,0.0,0.0
v2.1-html,0.515707671957672,0.28061224489795916,0.227027027027027,0.0,0.0
v2.1-md,0.4732518483268504,0.4318181818181818,0.26589595375722547,0.0,0.0
