{
  "question_34": {
    "unstructured-io": {
      "llama3-70b-8192": 0.41509433962264153,
      "mixtral-8x7b-32768": 0.05952380952380953,
      "gemma-7b-it": 0.39166666666666666
    }
  },
  "question_35": {
    "unstructured-io": {
      "llama3-70b-8192": 0.6279863481228669,
      "mixtral-8x7b-32768": 0.56575682382134,
      "gemma-7b-it": 0.27225130890052357
    }
  },
  "question_36": {
    "unstructured-io": {
      "llama3-70b-8192": 0.7120000000000001,
      "mixtral-8x7b-32768": 0.47474747474747475,
      "gemma-7b-it": 0.4736842105263158
    }
  },
  "question_37": {
    "unstructured-io": {
      "llama3-70b-8192": 0.5761316872427984,
      "mixtral-8x7b-32768": 0.5369649805447471,
      "gemma-7b-it": 0.1904761904761905
    }
  },
  "question_38": {
    "unstructured-io": {
      "llama3-70b-8192": 0.5176470588235295,
      "mixtral-8x7b-32768": 0.48717948717948717,
      "gemma-7b-it": 0.4188034188034188
    }
  },
  "question_39": {
    "unstructured-io": {
      "llama3-70b-8192": 0.5000000000000001,
      "mixtral-8x7b-32768": 0.48404255319148937,
      "gemma-7b-it": 0.3141361256544503
    }
  },
  "question_40": {
    "unstructured-io": {
      "llama3-70b-8192": 0.46,
      "mixtral-8x7b-32768": 0.4319526627218935,
      "gemma-7b-it": 0.31958762886597936
    }
  }
}