{
  "question_01": {
    "v2.1-unstruct": {
      "llama3-70b-8192": 0.7007299270072992,
      "mixtral-8x7b-32768": 0.5301204819277109,
      "gemma-7b-it": 0.3468208092485549
    },
    "v2.1-md": {
      "llama3-70b-8192": 0.7364341085271318,
      "mixtral-8x7b-32768": 0.6039886039886039,
      "gemma-7b-it": 0.3468208092485549
    },
    "v2.1-json": {
      "llama3-70b-8192": 0.7593984962406015,
      "mixtral-8x7b-32768": 0.5265486725663716,
      "gemma-7b-it": 0.3468208092485549
    },
    "v2.1-html": {
      "llama3-70b-8192": 0.6926406926406926,
      "mixtral-8x7b-32768": 0.5578635014836795,
      "gemma-7b-it": 0.31952662721893493
    },
    "v2.1-custom1": {
      "llama3-70b-8192": 0.7343749999999999,
      "mixtral-8x7b-32768": 0.4945295404814004,
      "gemma-7b-it": 0.4947368421052631
    },
    "v2.1-custom2": {
      "llama3-70b-8192": 0.6987951807228916,
      "mixtral-8x7b-32768": 0.5116279069767441,
      "gemma-7b-it": 0.35294117647058826
    },
    "v2.1-custom4": {
      "llama3-70b-8192": 0.7376425855513308,
      "mixtral-8x7b-32768": 0.5221674876847291,
      "gemma-7b-it": 0.3910614525139665
    }
  },
  "question_02": {
    "v2.1-unstruct": {
      "llama3-70b-8192": 0.6535433070866143,
      "mixtral-8x7b-32768": 0.4499999999999999,
      "gemma-7b-it": 0.6130653266331658
    },
    "v2.1-md": {
      "llama3-70b-8192": 0.6754385964912281,
      "mixtral-8x7b-32768": 0.5138121546961325,
      "gemma-7b-it": 0.6130653266331658
    },
    "v2.1-json": {
      "llama3-70b-8192": 0.7037037037037037,
      "mixtral-8x7b-32768": 0.39416058394160586,
      "gemma-7b-it": 0.6009852216748769
    },
    "v2.1-html": {
      "llama3-70b-8192": 0.7234042553191491,
      "mixtral-8x7b-32768": 0.5257142857142857,
      "gemma-7b-it": 0.603960396039604
    },
    "v2.1-custom1": {
      "llama3-70b-8192": 0.7031963470319635,
      "mixtral-8x7b-32768": 0.5460122699386503,
      "gemma-7b-it": 0.6009852216748769
    },
    "v2.1-custom2": {
      "llama3-70b-8192": 0.6877828054298643,
      "mixtral-8x7b-32768": 0.4958217270194986,
      "gemma-7b-it": 0.6130653266331658
    },
    "v2.1-custom4": {
      "llama3-70b-8192": 0.7090909090909091,
      "mixtral-8x7b-32768": 0.5657142857142857,
      "gemma-7b-it": 0.6
    }
  }
}