,llama3-70b-8192,mixtral-8x7b-32768,gemma-7b-it
v2.1-custom1,0.2361065772961053,0.22356495468277945,0.14857142857142858
v2.1-json,0.2518903298780582,0.20055710306406685,0.14857142857142858
v2.1-unstruct,0.2526196763230088,0.20673076923076925,0.14857142857142858
v2.1-custom4,0.2339376188792944,0.21782178217821782,0.14857142857142858
v2.1-html,0.200674828138665,0.2021857923497268,0.14857142857142858
v2.1-md,0.24919313123365316,0.11707317073170731,0.1264367816091954
v2.1-custom2,0.2573607633262958,0.2478386167146974,0.14857142857142858
