,llama3-70b-8192,mixtral-8x7b-32768,gemma-7b-it
v2.1-custom1,0.37917664746038254,0.41040462427745666,0.2111111111111111
v2.1-json,0.3879598662207358,0.3711340206185567,0.2111111111111111
v2.1-unstruct,0.1388888888888889,0.43523316062176165,0.2111111111111111
v2.1-custom4,0.43968434899949815,0.4123711340206186,0.2111111111111111
v2.1-html,0.4254431251075546,0.3777239709443099,0.2111111111111111
v2.1-md,0.38454036926390867,0.46645367412140576,0.2111111111111111
v2.1-custom2,0.36779946485054493,0.3644859813084113,0.2111111111111111
