,llama3-70b-8192,mixtral-8x7b-32768,gemma-7b-it
v2.1-md,0.398876404494382,0.3394255874673629,0.1243523316062176
v2.1-custom4,0.381578947368421,0.33333333333333337,0.12371134020618557
v2.1-json,0.3044776119402985,0.27951807228915665,0.12499999999999999
v2.1-custom1,0.44164037854889593,0.3032967032967033,0.12499999999999999
v2.1-custom2,0.36075949367088606,0.2679900744416873,0.12371134020618557
v2.1-unstruct,0.3863636363636364,0.3173913043478261,0.37104072398190047
v2.1-html,0.35542168674698793,0.3618421052631579,0.1243523316062176
