,llama3-70b-8192,mixtral-8x7b-32768,gemma-7b-it
v2.1-json,0.505263157894737,0.5093632958801498,0.23863636363636365
v2.1-custom1,0.4874551971326164,0.4827586206896552,0.28248587570621464
v2.1-unstruct,0.443579766536965,0.5635738831615119,0.24
v2.1-custom2,0.4210526315789474,0.43930635838150284,0.23863636363636365
v2.1-custom4,0.4536082474226804,0.45806451612903226,0.28409090909090906
v2.1-md,0.36245954692556637,0.40625,0.23863636363636365
v2.1-html,0.49264705882352944,0.5173501577287066,0.28248587570621464
