{
  "question_34": {
    "unstructured-io": {
      "llama3-70b-8192": 0.1949685534591195,
      "mixtral-8x7b-32768": 0.05952380952380953,
      "gemma-7b-it": 0.25
    }
  },
  "question_35": {
    "unstructured-io": {
      "llama3-70b-8192": 0.3822525597269625,
      "mixtral-8x7b-32768": 0.39205955334987597,
      "gemma-7b-it": 0.20942408376963353
    }
  },
  "question_36": {
    "unstructured-io": {
      "llama3-70b-8192": 0.44,
      "mixtral-8x7b-32768": 0.30303030303030304,
      "gemma-7b-it": 0.29473684210526313
    }
  },
  "question_37": {
    "unstructured-io": {
      "llama3-70b-8192": 0.33744855967078186,
      "mixtral-8x7b-32768": 0.3424124513618677,
      "gemma-7b-it": 0.16666666666666666
    }
  },
  "question_38": {
    "unstructured-io": {
      "llama3-70b-8192": 0.25098039215686274,
      "mixtral-8x7b-32768": 0.2512820512820513,
      "gemma-7b-it": 0.1965811965811966
    }
  },
  "question_39": {
    "unstructured-io": {
      "llama3-70b-8192": 0.2361111111111111,
      "mixtral-8x7b-32768": 0.2659574468085106,
      "gemma-7b-it": 0.2198952879581152
    }
  },
  "question_40": {
    "unstructured-io": {
      "llama3-70b-8192": 0.25999999999999995,
      "mixtral-8x7b-32768": 0.26035502958579876,
      "gemma-7b-it": 0.2680412371134021
    }
  },
  "question_41": {
    "unstructured-io": {
      "llama3-70b-8192": 0.5779816513761468,
      "mixtral-8x7b-32768": 0.08695652173913043,
      "gemma-7b-it": 0.6775956284153005
    }
  },
  "question_42": {
    "unstructured-io": {
      "llama3-70b-8192": 0.3612334801762115,
      "mixtral-8x7b-32768": 0.3944636678200692,
      "gemma-7b-it": 0.3411764705882353
    }
  },
  "question_43": {
    "unstructured-io": {
      "llama3-70b-8192": 0.38202247191011235,
      "mixtral-8x7b-32768": 0.31210191082802546,
      "gemma-7b-it": 0.13836477987421386
    }
  },
  "question_44": {
    "unstructured-io": {
      "llama3-70b-8192": 0.4181184668989547,
      "mixtral-8x7b-32768": 0.36049382716049383,
      "gemma-7b-it": 0.2571428571428572
    }
  },
  "question_45": {
    "unstructured-io": {
      "llama3-70b-8192": 0.5482625482625484,
      "mixtral-8x7b-32768": 0.31050228310502287,
      "gemma-7b-it": 0.37948717948717947
    }
  },
  "question_46": {
    "unstructured-io": {
      "llama3-70b-8192": 0.31343283582089554,
      "mixtral-8x7b-32768": 0.3142857142857143,
      "gemma-7b-it": 0.3076923076923077
    }
  }
}