{
  "question_01": {
    "v2.1-unstruct": {
      "llama3-70b-8192": 0.47692307692307695,
      "mixtral-8x7b-32768": 0.41530054644808745,
      "gemma-7b-it": 0.26589595375722547
    },
    "v2.1-md": {
      "llama3-70b-8192": 0.49612403100775193,
      "mixtral-8x7b-32768": 0.3087885985748219,
      "gemma-7b-it": 0.4421052631578948
    },
    "v2.1-json": {
      "llama3-70b-8192": 0.5220883534136547,
      "mixtral-8x7b-32768": 0.37394957983193283,
      "gemma-7b-it": 0.4
    },
    "v2.1-html": {
      "llama3-70b-8192": 0.515625,
      "mixtral-8x7b-32768": 0.28061224489795916,
      "gemma-7b-it": 0.22702702702702698
    },
    "v2.1-custom1": {
      "llama3-70b-8192": 0.4645669291338583,
      "mixtral-8x7b-32768": 0.4,
      "gemma-7b-it": 0.4421052631578948
    },
    "v2.1-custom2": {
      "llama3-70b-8192": 0.5454545454545455,
      "mixtral-8x7b-32768": 0.3382352941176471,
      "gemma-7b-it": 0.22702702702702698
    },
    "v2.1-custom4": {
      "llama3-70b-8192": 0.47232472324723246,
      "mixtral-8x7b-32768": 0.2612826603325416,
      "gemma-7b-it": 0.2303030303030303
    }
  },
  "question_02": {
    "v2.1-unstruct": {
      "llama3-70b-8192": 0.5645161290322581,
      "mixtral-8x7b-32768": 0.37356321839080464,
      "gemma-7b-it": 0.5427135678391959
    },
    "v2.1-md": {
      "llama3-70b-8192": 0.4736842105263158,
      "mixtral-8x7b-32768": 0.39067055393586003,
      "gemma-7b-it": 0.5427135678391959
    },
    "v2.1-json": {
      "llama3-70b-8192": 0.5185185185185186,
      "mixtral-8x7b-32768": 0.3607427055702918,
      "gemma-7b-it": 0.5221674876847291
    },
    "v2.1-html": {
      "llama3-70b-8192": 0.49361702127659574,
      "mixtral-8x7b-32768": 0.37119113573407203,
      "gemma-7b-it": 0.40594059405940597
    },
    "v2.1-custom1": {
      "llama3-70b-8192": 0.5114155251141552,
      "mixtral-8x7b-32768": 0.34759358288770054,
      "gemma-7b-it": 0.5221674876847291
    },
    "v2.1-custom2": {
      "llama3-70b-8192": 0.4977375565610859,
      "mixtral-8x7b-32768": 0.40993788819875776,
      "gemma-7b-it": 0.4522613065326633
    },
    "v2.1-custom4": {
      "llama3-70b-8192": 0.5181818181818182,
      "mixtral-8x7b-32768": 0.38526912181303113,
      "gemma-7b-it": 0.4
    }
  },
  "question_03": {
    "v2.1-unstruct": {
      "llama3-70b-8192": 0.4796747967479675,
      "mixtral-8x7b-32768": 0.3916083916083916,
      "gemma-7b-it": 0.18867924528301885
    },
    "v2.1-md": {
      "llama3-70b-8192": 0.42718446601941745,
      "mixtral-8x7b-32768": 0.44128113879003555,
      "gemma-7b-it": 0.24096385542168677
    },
    "v2.1-json": {
      "llama3-70b-8192": 0.4780876494023904,
      "mixtral-8x7b-32768": 0.4247787610619469,
      "gemma-7b-it": 0.3333333333333333
    },
    "v2.1-html": {
      "llama3-70b-8192": 0.4435146443514644,
      "mixtral-8x7b-32768": 0.47588424437299043,
      "gemma-7b-it": 0.24096385542168677
    },
    "v2.1-custom1": {
      "llama3-70b-8192": 0.460431654676259,
      "mixtral-8x7b-32768": 0.48829431438127097,
      "gemma-7b-it": 0.32160804020100503
    },
    "v2.1-custom2": {
      "llama3-70b-8192": 0.4435146443514644,
      "mixtral-8x7b-32768": 0.4158415841584158,
      "gemma-7b-it": 0.27218934911242604
    },
    "v2.1-custom4": {
      "llama3-70b-8192": 0.43918918918918914,
      "mixtral-8x7b-32768": 0.32272727272727275,
      "gemma-7b-it": 0.26595744680851063
    }
  }
}