,llama3-70b-8192,mixtral-8x7b-32768,gemma-7b-it
unstructured-io,0.5792682926829269,0.5229885057471264,0.368
