{
  "question_01": {
    "v2.1-unstruct": {
      "llama3-70b-8192": 0.46715328467153283,
      "mixtral-8x7b-32768": 0.3192771084337349,
      "gemma-7b-it": 0.26589595375722547
    },
    "v2.1-md": {
      "llama3-70b-8192": 0.4883720930232558,
      "mixtral-8x7b-32768": 0.433048433048433,
      "gemma-7b-it": 0.26589595375722547
    },
    "v2.1-json": {
      "llama3-70b-8192": 0.4887218045112782,
      "mixtral-8x7b-32768": 0.38495575221238937,
      "gemma-7b-it": 0.26589595375722547
    },
    "v2.1-html": {
      "llama3-70b-8192": 0.4848484848484849,
      "mixtral-8x7b-32768": 0.45103857566765576,
      "gemma-7b-it": 0.27218934911242604
    },
    "v2.1-custom1": {
      "llama3-70b-8192": 0.46875000000000006,
      "mixtral-8x7b-32768": 0.336980306345733,
      "gemma-7b-it": 0.45263157894736844
    },
    "v2.1-custom2": {
      "llama3-70b-8192": 0.5220883534136547,
      "mixtral-8x7b-32768": 0.3674418604651163,
      "gemma-7b-it": 0.29411764705882354
    },
    "v2.1-custom4": {
      "llama3-70b-8192": 0.532319391634981,
      "mixtral-8x7b-32768": 0.32019704433497537,
      "gemma-7b-it": 0.2905027932960894
    }
  },
  "question_02": {
    "v2.1-unstruct": {
      "llama3-70b-8192": 0.5590551181102362,
      "mixtral-8x7b-32768": 0.35,
      "gemma-7b-it": 0.5427135678391959
    },
    "v2.1-md": {
      "llama3-70b-8192": 0.4736842105263158,
      "mixtral-8x7b-32768": 0.37016574585635365,
      "gemma-7b-it": 0.5427135678391959
    },
    "v2.1-json": {
      "llama3-70b-8192": 0.5185185185185186,
      "mixtral-8x7b-32768": 0.28710462287104627,
      "gemma-7b-it": 0.5221674876847291
    },
    "v2.1-html": {
      "llama3-70b-8192": 0.49361702127659574,
      "mixtral-8x7b-32768": 0.36571428571428566,
      "gemma-7b-it": 0.40594059405940597
    },
    "v2.1-custom1": {
      "llama3-70b-8192": 0.5114155251141552,
      "mixtral-8x7b-32768": 0.4110429447852761,
      "gemma-7b-it": 0.5221674876847291
    },
    "v2.1-custom2": {
      "llama3-70b-8192": 0.4977375565610859,
      "mixtral-8x7b-32768": 0.3119777158774374,
      "gemma-7b-it": 0.4522613065326633
    },
    "v2.1-custom4": {
      "llama3-70b-8192": 0.5181818181818182,
      "mixtral-8x7b-32768": 0.4114285714285714,
      "gemma-7b-it": 0.4
    }
  },
  "question_03": {
    "v2.1-unstruct": {
      "llama3-70b-8192": 0.465863453815261,
      "mixtral-8x7b-32768": 0.4897959183673469,
      "gemma-7b-it": 0.18867924528301885
    },
    "v2.1-md": {
      "llama3-70b-8192": 0.42038216560509556,
      "mixtral-8x7b-32768": 0.44128113879003555,
      "gemma-7b-it": 0.24096385542168677
    },
    "v2.1-json": {
      "llama3-70b-8192": 0.4598540145985402,
      "mixtral-8x7b-32768": 0.41042345276872966,
      "gemma-7b-it": 0.27218934911242604
    },
    "v2.1-html": {
      "llama3-70b-8192": 0.4435146443514644,
      "mixtral-8x7b-32768": 0.36874999999999997,
      "gemma-7b-it": 0.24096385542168677
    },
    "v2.1-custom1": {
      "llama3-70b-8192": 0.460431654676259,
      "mixtral-8x7b-32768": 0.4492307692307692,
      "gemma-7b-it": 0.30150753768844224
    },
    "v2.1-custom2": {
      "llama3-70b-8192": 0.4435146443514644,
      "mixtral-8x7b-32768": 0.42388059701492536,
      "gemma-7b-it": 0.27586206896551724
    },
    "v2.1-custom4": {
      "llama3-70b-8192": 0.4258064516129032,
      "mixtral-8x7b-32768": 0.40633245382585753,
      "gemma-7b-it": 0.26595744680851063
    }
  },
  "question_04": {
    "v2.1-unstruct": {
      "llama3-70b-8192": 0.2808219178082192,
      "mixtral-8x7b-32768": 0.25821596244131456,
      "gemma-7b-it": 0.08284023668639053
    },
    "v2.1-md": {
      "llama3-70b-8192": 0.33876221498371334,
      "mixtral-8x7b-32768": 0.259860788863109,
      "gemma-7b-it": 0.08284023668639053
    },
    "v2.1-json": {
      "llama3-70b-8192": 0.28289473684210525,
      "mixtral-8x7b-32768": 0.21633554083885206,
      "gemma-7b-it": 0.08284023668639053
    },
    "v2.1-html": {
      "llama3-70b-8192": 0.27464788732394363,
      "mixtral-8x7b-32768": 0.3059490084985836,
      "gemma-7b-it": 0.08284023668639053
    },
    "v2.1-custom1": {
      "llama3-70b-8192": 0.2733333333333333,
      "mixtral-8x7b-32768": 0.22262773722627732,
      "gemma-7b-it": 0.1142857142857143
    },
    "v2.1-custom2": {
      "llama3-70b-8192": 0.32258064516129037,
      "mixtral-8x7b-32768": 0.20942408376963353,
      "gemma-7b-it": 0.1142857142857143
    },
    "v2.1-custom4": {
      "llama3-70b-8192": 0.4525547445255474,
      "mixtral-8x7b-32768": 0.2946859903381642,
      "gemma-7b-it": 0.1142857142857143
    }
  },
  "question_05": {
    "v2.1-unstruct": {
      "llama3-70b-8192": 0.319634703196347,
      "mixtral-8x7b-32768": 0.20149253731343286,
      "gemma-7b-it": 0.24
    },
    "v2.1-md": {
      "llama3-70b-8192": 0.36548223350253806,
      "mixtral-8x7b-32768": 0.20817843866171004,
      "gemma-7b-it": 0.24
    },
    "v2.1-json": {
      "llama3-70b-8192": 0.3070175438596492,
      "mixtral-8x7b-32768": 0.14958448753462605,
      "gemma-7b-it": 0.36036036036036034
    },
    "v2.1-html": {
      "llama3-70b-8192": 0.38216560509554137,
      "mixtral-8x7b-32768": 0.20512820512820518,
      "gemma-7b-it": 0.2882882882882883
    },
    "v2.1-custom1": {
      "llama3-70b-8192": 0.28820960698689957,
      "mixtral-8x7b-32768": 0.20300751879699247,
      "gemma-7b-it": 0.2882882882882883
    },
    "v2.1-custom2": {
      "llama3-70b-8192": 0.35151515151515145,
      "mixtral-8x7b-32768": 0.20209059233449478,
      "gemma-7b-it": 0.36036036036036034
    },
    "v2.1-custom4": {
      "llama3-70b-8192": 0.28695652173913044,
      "mixtral-8x7b-32768": 0.19354838709677422,
      "gemma-7b-it": 0.36036036036036034
    }
  },
  "question_06": {
    "v2.1-unstruct": {
      "llama3-70b-8192": 0.22568093385214008,
      "mixtral-8x7b-32768": 0.29553264604811,
      "gemma-7b-it": 0.17142857142857143
    },
    "v2.1-md": {
      "llama3-70b-8192": 0.1941747572815534,
      "mixtral-8x7b-32768": 0.2395833333333333,
      "gemma-7b-it": 0.17045454545454547
    },
    "v2.1-json": {
      "llama3-70b-8192": 0.27368421052631575,
      "mixtral-8x7b-32768": 0.2397003745318352,
      "gemma-7b-it": 0.17045454545454547
    },
    "v2.1-html": {
      "llama3-70b-8192": 0.27205882352941174,
      "mixtral-8x7b-32768": 0.2902208201892744,
      "gemma-7b-it": 0.192090395480226
    },
    "v2.1-custom1": {
      "llama3-70b-8192": 0.22939068100358423,
      "mixtral-8x7b-32768": 0.25287356321839083,
      "gemma-7b-it": 0.192090395480226
    },
    "v2.1-custom2": {
      "llama3-70b-8192": 0.2105263157894737,
      "mixtral-8x7b-32768": 0.21965317919075142,
      "gemma-7b-it": 0.17045454545454547
    },
    "v2.1-custom4": {
      "llama3-70b-8192": 0.19931271477663234,
      "mixtral-8x7b-32768": 0.2774193548387097,
      "gemma-7b-it": 0.1818181818181818
    }
  },
  "question_07": {
    "v2.1-unstruct": {
      "llama3-70b-8192": 0.36220472440944873,
      "mixtral-8x7b-32768": 0.4202898550724638,
      "gemma-7b-it": 0.4485981308411215
    },
    "v2.1-md": {
      "llama3-70b-8192": 0.4444444444444445,
      "mixtral-8x7b-32768": 0.3248730964467005,
      "gemma-7b-it": 0.23728813559322035
    },
    "v2.1-json": {
      "llama3-70b-8192": 0.45652173913043476,
      "mixtral-8x7b-32768": 0.4263959390862945,
      "gemma-7b-it": 0.2694300518134715
    },
    "v2.1-html": {
      "llama3-70b-8192": 0.42857142857142855,
      "mixtral-8x7b-32768": 0.3969465648854962,
      "gemma-7b-it": 0.22988505747126434
    },
    "v2.1-custom1": {
      "llama3-70b-8192": 0.6007905138339921,
      "mixtral-8x7b-32768": 0.391705069124424,
      "gemma-7b-it": 0.4292682926829268
    },
    "v2.1-custom2": {
      "llama3-70b-8192": 0.4029850746268656,
      "mixtral-8x7b-32768": 0.5123456790123456,
      "gemma-7b-it": 0.21839080459770116
    },
    "v2.1-custom4": {
      "llama3-70b-8192": 0.44609665427509293,
      "mixtral-8x7b-32768": 0.3928571428571429,