,llama3-70b-8192,mixtral-8x7b-32768,gemma-7b-it
v2.1-custom4,0.6666666666666666,0.43545279383429675,0.6106194690265486
v2.1-unstruct,0.6754966887417219,0.6176470588235294,0.6118721461187215
v2.1-md,0.6923076923076923,0.5458937198067633,0.6844444444444444
v2.1-custom1,0.7022900763358778,0.6292134831460674,0.6027397260273972
v2.1-html,0.6917293233082706,0.5454545454545455,0.6009389671361502
v2.1-custom2,0.7126436781609196,0.6968641114982579,0.5074626865671642
v2.1-json,0.7310344827586207,0.5851063829787234,0.5727699530516432
