,llama3-70b-8192,mixtral-8x7b-32768,gemma-7b-it
v2.1-json,0.4598540145985402,0.41042345276872966,0.27218934911242604
v2.1-custom1,0.460431654676259,0.4492307692307692,0.30150753768844224
v2.1-unstruct,0.465863453815261,0.4897959183673469,0.18867924528301885
v2.1-custom2,0.4435146443514644,0.42388059701492536,0.27586206896551724
v2.1-custom4,0.4258064516129032,0.40633245382585753,0.26595744680851063
v2.1-md,0.42038216560509556,0.44128113879003555,0.24096385542168677
v2.1-html,0.4435146443514644,0.36874999999999997,0.24096385542168677
