,question_01,question_02,question_03,question_04,question_05,question_06,question_07,question_08,question_09,question_10
v2.1-unstruct,0.26589595375722547,0.5427135678391959,0.18867924528301885,0.08284023668639053,0.14857142857142858,0.10778443113772455,0.13333333333333333,0.09375000000000001,0.16184971098265893,0.37104072398190047
v2.1-md,0.4421052631578948,0.5427135678391959,0.24096385542168677,0.1142857142857143,0.1264367816091954,0.17045454545454547,0.13333333333333333,0.09375000000000001,0.16184971098265893,0.1243523316062176
v2.1-json,0.4,0.5221674876847291,0.3333333333333333,0.08284023668639053,0.14857142857142858,0.192090395480226,0.13333333333333333,0.09375000000000001,0.16184971098265893,0.12499999999999999
v2.1-html,0.22702702702702698,0.40594059405940597,0.24096385542168677,0.08284023668639053,0.14857142857142858,0.192090395480226,0.13333333333333333,0.09375000000000001,0.16184971098265893,0.1243523316062176
v2.1-custom1,0.4421052631578948,0.5221674876847291,0.32160804020100503,0.1142857142857143,0.14857142857142858,0.1818181818181818,0.13333333333333333,0.09375000000000001,0.16184971098265893,0.12499999999999999
v2.1-custom2,0.22702702702702698,0.4522613065326633,0.27218934911242604,0.1142857142857143,0.14857142857142858,0.1818181818181818,0.13333333333333333,0.09375000000000001,0.1878453038674033,0.12371134020618557
v2.1-custom4,0.2303030303030303,0.4,0.26595744680851063,0.1142857142857143,0.14857142857142858,0.1818181818181818,0.13333333333333333,0.09375000000000001,0.1878453038674033,0.12371134020618557
