,llama3-70b-8192,mixtral-8x7b-32768,gemma-7b-it
v2.1-custom4,0.429042904290429,0.3737864077669903,0.1693548387096774
v2.1-json,0.39999999999999997,0.29338103756708406,0.3904382470119522
v2.1-custom2,0.40384615384615385,0.37587006960556846,0.39525691699604737
v2.1-unstruct,0.3769968051118211,0.3421588594704684,0.40310077519379844
v2.1-custom1,0.36887608069164257,0.3555555555555556,0.37551020408163266
v2.1-md,0.375,0.38095238095238093,0.4143426294820716
v2.1-html,0.36963696369636967,0.3111888111888112,0.37551020408163266
