,llama3-70b-8192,mixtral-8x7b-32768,gemma-7b-it
unstructured-io,0.6279863481228669,0.56575682382134,0.27225130890052357
