,llama3-70b-8192,mixtral-8x7b-32768,gemma-7b-it
unstructured-io,0.5723270440251572,0.5724907063197026,0.43333333333333335
