,llama3-70b-8192,mixtral-8x7b-32768,gemma-7b-it
unstructured-io,0.6795366795366796,0.4748858447488584,0.4717948717948718
