,llama3-70b-8192,mixtral-8x7b-32768,gemma-7b-it
v2.1-custom4,0.7210300429184548,0.532967032967033,0.7135135135135134
v2.1-unstruct,0.703125,0.5509641873278237,0.6956521739130435
v2.1-md,0.6518518518518518,0.5893416927899687,0.7120418848167539
v2.1-custom1,0.6887966804979253,0.4926829268292682,0.6440677966101696
v2.1-html,0.7114624505928855,0.515625,0.611764705882353
v2.1-custom2,0.7639484978540773,0.5325443786982248,0.6741573033707865
v2.1-json,0.7489711934156378,0.5025906735751295,0.6850828729281768
