,llama3-70b-8192,mixtral-8x7b-32768,gemma-7b-it
unstructured-io,0.5384615384615384,0.515625,0.28402366863905326
