,llama3-70b-8192,mixtral-8x7b-32768,gemma-7b-it
v2.1-custom4,0.3615384615384615,0.41520467836257313,0.467005076142132
v2.1-json,0.4486692015209125,0.43853820598006643,0.36756756756756753
v2.1-custom2,0.48760330578512395,0.4342105263157895,0.42708333333333337
v2.1-unstruct,0.45136186770428016,0.43670886075949367,0.42708333333333337
v2.1-custom1,0.4918032786885246,0.4461538461538462,0.4324324324324324
v2.1-md,0.4496124031007752,0.47058823529411764,0.4455958549222798
v2.1-html,0.4669260700389105,0.45783132530120485,0.36548223350253806
