,llama3-70b-8192,mixtral-8x7b-32768,gemma-7b-it
v2.1-custom4,0.3605150214592274,0.32533333333333336,0.3926380368098159
v2.1-unstruct,0.5258964143426295,0.44816053511705684,0.37037037037037046
v2.1-md,0.4827586206896552,0.4056338028169014,0.3660130718954248
v2.1-custom1,0.5086206896551724,0.32409381663113007,0.3726708074534162
v2.1-html,0.4214876033057851,0.3143631436314363,0.3726708074534162
v2.1-custom2,0.3770491803278689,0.4555984555984556,0.37037037037037046
v2.1-json,0.5254237288135593,0.2893401015228427,0.3636363636363636
