,llama3-70b-8192,mixtral-8x7b-32768,gemma-7b-it
v2.1-custom4,0.43452380952380953,0.3611738148984199,0.2073170731707317
v2.1-json,0.5016949152542373,0.3710843373493976,0.19753086419753085
v2.1-custom2,0.4595469255663431,0.3604938271604939,0.2073170731707317
v2.1-unstruct,0.4418604651162791,0.13043478260869565,0.2073170731707317
v2.1-custom1,0.4837545126353791,0.3893805309734513,0.2073170731707317
v2.1-md,0.5104895104895105,0.4359673024523161,0.19753086419753085
v2.1-html,0.47811447811447816,0.3356009070294784,0.2073170731707317
