,llama3-70b-8192,mixtral-8x7b-32768,gemma-7b-it
v2.1-md,0.24221453287197234,0.23622047244094488,0.17045454545454547
v2.1-custom4,0.225,0.21728395061728398,0.1818181818181818
v2.1-json,0.21621621621621623,0.21782178217821785,0.192090395480226
v2.1-custom1,0.24719101123595505,0.2109704641350211,0.1818181818181818
v2.1-custom2,0.2105263157894737,0.2033898305084746,0.1818181818181818
v2.1-unstruct,0.2846975088967972,0.2867132867132867,0.10778443113772455
v2.1-html,0.2548262548262548,0.2570532915360501,0.192090395480226
