,llama3-70b-8192,mixtral-8x7b-32768,gemma-7b-it
v2.1-json,0.570342205323194,0.4438775510204081,0.384180790960452
v2.1-custom1,0.5647058823529412,0.4210526315789474,0.3781094527363184
v2.1-unstruct,0.5294117647058824,0.3786666666666667,0.5240174672489082
v2.1-custom2,0.5849802371541502,0.5679012345679012,0.375
v2.1-custom4,0.5454545454545455,0.45425867507886436,0.41025641025641024
v2.1-md,0.49586776859504134,0.44321329639889195,0.4419889502762431
v2.1-html,0.6071428571428571,0.5214521452145214,0.375
