{
  "question_01": {
    "v2.1-unstruct": {
      "llama3-70b-8192": 0.669172932330827,
      "mixtral-8x7b-32768": 0.5837563451776651,
      "gemma-7b-it": 0.32558139534883723
    },
    "v2.1-md": {
      "llama3-70b-8192": 0.7343749999999999,
      "mixtral-8x7b-32768": 0.5852272727272727,
      "gemma-7b-it": 0.3468208092485549
    },
    "v2.1-json": {
      "llama3-70b-8192": 0.7045454545454546,
      "mixtral-8x7b-32768": 0.4957983193277311,
      "gemma-7b-it": 0.45405405405405397
    },
    "v2.1-html": {
      "llama3-70b-8192": 0.6953125000000001,
      "mixtral-8x7b-32768": 0.4948979591836735,
      "gemma-7b-it": 0.2918918918918919
    },
    "v2.1-custom1": {
      "llama3-70b-8192": 0.7244094488188977,
      "mixtral-8x7b-32768": 0.5772151898734178,
      "gemma-7b-it": 0.4842105263157895
    },
    "v2.1-custom2": {
      "llama3-70b-8192": 0.7222222222222223,
      "mixtral-8x7b-32768": 0.5490196078431372,
      "gemma-7b-it": 0.2918918918918919
    },
    "v2.1-custom4": {
      "llama3-70b-8192": 0.6846153846153846,
      "mixtral-8x7b-32768": 0.43705463182897863,
      "gemma-7b-it": 0.2909090909090909
    }
  },
  "question_02": {
    "v2.1-unstruct": {
      "llama3-70b-8192": 0.7000000000000001,
      "mixtral-8x7b-32768": 0.6831275720164609,
      "gemma-7b-it": 0.5968586387434555
    },
    "v2.1-md": {
      "llama3-70b-8192": 0.6754385964912281,
      "mixtral-8x7b-32768": 0.5131195335276968,
      "gemma-7b-it": 0.6130653266331658
    },
    "v2.1-json": {
      "llama3-70b-8192": 0.7037037037037037,
      "mixtral-8x7b-32768": 0.4721485411140583,
      "gemma-7b-it": 0.6009852216748769
    },
    "v2.1-html": {
      "llama3-70b-8192": 0.6968325791855204,
      "mixtral-8x7b-32768": 0.5207756232686981,
      "gemma-7b-it": 0.603960396039604
    },
    "v2.1-custom1": {
      "llama3-70b-8192": 0.7031963470319635,
      "mixtral-8x7b-32768": 0.47058823529411764,
      "gemma-7b-it": 0.6009852216748769
    },
    "v2.1-custom2": {
      "llama3-70b-8192": 0.6877828054298643,
      "mixtral-8x7b-32768": 0.5590062111801242,
      "gemma-7b-it": 0.6130653266331658
    },
    "v2.1-custom4": {
      "llama3-70b-8192": 0.7090909090909091,
      "mixtral-8x7b-32768": 0.5042492917847025,
      "gemma-7b-it": 0.6
    }
  },
  "question_03": {
    "v2.1-unstruct": {
      "llama3-70b-8192": 0.6577181208053692,
      "mixtral-8x7b-32768": 0.6417445482866043,
      "gemma-7b-it": 0.3825136612021858
    },
    "v2.1-md": {
      "llama3-70b-8192": 0.6496350364963503,
      "mixtral-8x7b-32768": 0.6070287539936102,
      "gemma-7b-it": 0.2891566265060241
    },
    "v2.1-json": {
      "llama3-70b-8192": 0.6693227091633467,
      "mixtral-8x7b-32768": 0.6382978723404255,
      "gemma-7b-it": 0.36781609195402304
    },
    "v2.1-html": {
      "llama3-70b-8192": 0.6610878661087866,
      "mixtral-8x7b-32768": 0.6623376623376623,
      "gemma-7b-it": 0.2891566265060241
    },
    "v2.1-custom1": {
      "llama3-70b-8192": 0.6474820143884892,
      "mixtral-8x7b-32768": 0.6495176848874599,
      "gemma-7b-it": 0.3925233644859813
    },
    "v2.1-custom2": {
      "llama3-70b-8192": 0.6610878661087866,
      "mixtral-8x7b-32768": 0.5653710247349824,
      "gemma-7b-it": 0.3448275862068966
    },
    "v2.1-custom4": {
      "llama3-70b-8192": 0.6576271186440678,
      "mixtral-8x7b-32768": 0.5156794425087108,
      "gemma-7b-it": 0.35106382978723405
    }
  },
  "question_04": {
    "v2.1-unstruct": {
      "llama3-70b-8192": 0.5820895522388061,
      "mixtral-8x7b-32768": 0.36257309941520466,
      "gemma-7b-it": 0.18285714285714283
    },
    "v2.1-md": {
      "llama3-70b-8192": 0.5016949152542373,
      "mixtral-8x7b-32768": 0.4573804573804574,
      "gemma-7b-it": 0.15384615384615383
    },
    "v2.1-json": {
      "llama3-70b-8192": 0.478688524590164,
      "mixtral-8x7b-32768": 0.39845261121856873,
      "gemma-7b-it": 0.15384615384615383
    },
    "v2.1-html": {
      "llama3-70b-8192": 0.49295774647887325,
      "mixtral-8x7b-32768": 0.48362720403022663,
      "gemma-7b-it": 0.15384615384615383
    },
    "v2.1-custom1": {
      "llama3-70b-8192": 0.4520547945205479,
      "mixtral-8x7b-32768": 0.4641148325358851,
      "gemma-7b-it": 0.18285714285714283
    },
    "v2.1-custom2": {
      "llama3-70b-8192": 0.4954128440366973,
      "mixtral-8x7b-32768": 0.45089285714285715,
      "gemma-7b-it": 0.18285714285714283
    },
    "v2.1-custom4": {
      "llama3-70b-8192": 0.6423357664233577,
      "mixtral-8x7b-32768": 0.46522781774580335,
      "gemma-7b-it": 0.18285714285714283
    }
  }
}