,llama3-70b-8192,mixtral-8x7b-32768,gemma-7b-it,claude-3-opus-20240229,gpt-3.5-turbo
v2.1-custom1,0.460431654676259,0.4000000000000001,0.2346368715083799,0.0,0.0
v2.1-toml,0.43104444824628313,0.32870370370370366,0.16853932584269662,0.0,0.0
v2.1-custom2,0.4435146443514644,0.4529616724738676,0.2650602409638554,0.0,0.0
v2.1-json,0.4406022921838007,0.4730538922155689,0.32748538011695905,0.0,0.0
v2.1-unstruct,0.4105999731819902,0.49844236760124616,0.30601092896174864,0.0,0.0
v2.1-html,0.4435146443514644,0.48387096774193544,0.24852071005917162,0.0,0.0
v2.1-md,0.450772890492859,0.34823529411764703,0.24096385542168677,0.0,0.0
