,llama3-70b-8192,mixtral-8x7b-32768,gemma-7b-it
unstructured-io,0.5051194539249146,0.618705035971223,0.4512820512820513
