{
  "question_01": {
    "unstructured-io": {
      "llama3-70b-8192": 0.46387832699619774,
      "mixtral-8x7b-32768": 0.2920110192837465,
      "gemma-7b-it": 0.42922374429223736
    }
  },
  "question_02": {
    "unstructured-io": {
      "llama3-70b-8192": 0.35999999999999993,
      "mixtral-8x7b-32768": 0.36681222707423583,
      "gemma-7b-it": 0.32530120481927716
    }
  },
  "question_03": {
    "unstructured-io": {
      "llama3-70b-8192": 0.4659498207885304,
      "mixtral-8x7b-32768": 0.3435114503816794,
      "gemma-7b-it": 0.26347305389221554
    }
  },
  "question_04": {
    "unstructured-io": {
      "llama3-70b-8192": 0.3269230769230769,
      "mixtral-8x7b-32768": 0.2890625,
      "gemma-7b-it": 0.17751479289940827
    }
  },
  "question_05": {
    "unstructured-io": {
      "llama3-70b-8192": 0.29670329670329676,
      "mixtral-8x7b-32768": 0.2535211267605634,
      "gemma-7b-it": 0.27999999999999997
    }
  },
  "question_06": {
    "unstructured-io": {
      "llama3-70b-8192": 0.29729729729729726,
      "mixtral-8x7b-32768": 0.25327510917030566,
      "gemma-7b-it": 0.19354838709677416
    }
  },
  "question_07": {
    "unstructured-io": {
      "llama3-70b-8192": 0.5714285714285715,
      "mixtral-8x7b-32768": 0.32903225806451614,
      "gemma-7b-it": 0.36
    }
  },
  "question_08": {
    "unstructured-io": {
      "llama3-70b-8192": 0.3548387096774193,
      "mixtral-8x7b-32768": 0.26704545454545453,
      "gemma-7b-it": 0.2424242424242424
    }
  },
  "question_09": {
    "unstructured-io": {
      "llama3-70b-8192": 0.5225225225225225,
      "mixtral-8x7b-32768": 0.3746031746031746,
      "gemma-7b-it": 0.33548387096774196
    }
  },
  "question_10": {
    "unstructured-io": {
      "llama3-70b-8192": 0.34782608695652173,
      "mixtral-8x7b-32768": 0.3178294573643411,
      "gemma-7b-it": 0.14864864864864863
    }
  },
  "question_11": {
    "unstructured-io": {
      "llama3-70b-8192": 0.27999999999999997,
      "mixtral-8x7b-32768": 0.23906705539358603,
      "gemma-7b-it": 0.13414634146341464
    }
  },
  "question_12": {
    "unstructured-io": {
      "llama3-70b-8192": 0.3287671232876712,
      "mixtral-8x7b-32768": 0.39901477832512317,
      "gemma-7b-it": 0.35978835978835977
    }
  },
  "question_13": {
    "unstructured-io": {
      "llama3-70b-8192": 0.30962343096234307,
      "mixtral-8x7b-32768": 0.22171945701357468,
      "gemma-7b-it": 0.2727272727272727
    }
  }
}