,llama3-70b-8192,mixtral-8x7b-32768,gemma-7b-it
v2.1-json,0.5694915254237288,0.6360655737704918,0.4083769633507854
v2.1-custom1,0.5674740484429066,0.5765124555160143,0.4630541871921182
v2.1-unstruct,0.5745454545454545,0.5076452599388379,0.43216080402010043
v2.1-custom2,0.5818181818181818,0.634304207119741,0.38918918918918916
v2.1-custom4,0.5821917808219178,0.6019417475728156,0.22099447513812157
v2.1-md,0.562962962962963,0.5208845208845209,0.4083769633507854
v2.1-html,0.5853658536585366,0.5333333333333333,0.22099447513812157
