,llama3-70b-8192,mixtral-8x7b-32768,gemma-7b-it
v2.1-json,0.48927038626609437,0.4017094017094018,0.29299363057324845
v2.1-custom1,0.44933920704845814,0.33236151603498537,0.29299363057324845
v2.1-unstruct,0.47863247863247865,0.3333333333333333,0.2571428571428572
v2.1-custom2,0.4680851063829787,0.31974921630094044,0.2571428571428572
v2.1-custom4,0.3076923076923077,0.27678571428571425,0.2571428571428572
v2.1-md,0.4336283185840708,0.3310344827586207,0.29299363057324845
v2.1-html,0.4588744588744589,0.28571428571428575,0.2571428571428572
