,llama3-70b-8192,mixtral-8x7b-32768,gemma-7b-it
unstructured-io,0.5125000000000001,0.4297520661157025,0.4909090909090909
