,llama3-70b-8192,mixtral-8x7b-32768,gemma-7b-it
v2.1-custom4,0.7090909090909091,0.5042492917847025,0.6
v2.1-json,0.7037037037037037,0.4721485411140583,0.6009852216748769
v2.1-custom2,0.6877828054298643,0.5590062111801242,0.6130653266331658
v2.1-unstruct,0.7000000000000001,0.6831275720164609,0.5968586387434555
v2.1-custom1,0.7031963470319635,0.47058823529411764,0.6009852216748769
v2.1-md,0.6754385964912281,0.5131195335276968,0.6130653266331658
v2.1-html,0.6968325791855204,0.5207756232686981,0.603960396039604
