,llama3-70b-8192,mixtral-8x7b-32768,gemma-7b-it
unstructured-io,0.46,0.4319526627218935,0.31958762886597936
