,llama3-70b-8192,mixtral-8x7b-32768,gemma-7b-it
unstructured-io,0.4413145539906103,0.40170940170940167,0.3194444444444444
