,llama3-70b-8192,mixtral-8x7b-32768,gemma-7b-it
v2.1-custom1,0.5018726591760301,0.509090909090909,0.4722222222222222
v2.1-custom2,0.498220640569395,0.5255102040816326,0.3368421052631579
v2.1-custom4,0.6115107913669064,0.4914841849148419,0.3775510204081633
v2.1-md,0.5724907063197026,0.5048076923076924,0.26136363636363635
v2.1-json,0.503030303030303,0.46534653465346537,0.26373626373626374
v2.1-unstruct,0.6397058823529411,0.48607594936708864,0.33333333333333337
v2.1-html,0.48745519713261654,0.46411483253588515,0.26136363636363635
