,llama3-70b-8192,mixtral-8x7b-32768,gemma-7b-it,claude-3-opus-20240229,gpt-3.5-turbo
v2.1-unstruct,0.5016968651136037,0.45177664974619286,0.26744186046511625,0.0,0.0
v2.1-html,0.515625,0.28061224489795916,0.227027027027027,0.0,0.0
v2.1-custom4,0.4660835497243861,0.2612826603325416,0.23030303030303031,0.0,0.0
v2.1-md,0.46875000000000006,0.4318181818181818,0.26589595375722547,0.0,0.0
v2.1-custom1,0.4645669291338583,0.4000000000000001,0.4421052631578948,0.0,0.0
v2.1-json,0.5118027889112227,0.37394957983193283,0.4108108108108108,0.0,0.0
v2.1-custom2,0.5370370370370371,0.338235294117647,0.227027027027027,0.0,0.0
