{
  "question_01": {
    "v2.1-unstruct": {
      "llama3-70b-8192": 0.47692307692307695,
      "mixtral-8x7b-32768": 0.41530054644808745,
      "gemma-7b-it": 0.26589595375722547
    },
    "v2.1-md": {
      "llama3-70b-8192": 0.49612403100775193,
      "mixtral-8x7b-32768": 0.3087885985748219,
      "gemma-7b-it": 0.4421052631578948
    },
    "v2.1-json": {
      "llama3-70b-8192": 0.5220883534136547,
      "mixtral-8x7b-32768": 0.37394957983193283,
      "gemma-7b-it": 0.4
    },
    "v2.1-html": {
      "llama3-70b-8192": 0.515625,
      "mixtral-8x7b-32768": 0.28061224489795916,
      "gemma-7b-it": 0.22702702702702698
    },
    "v2.1-custom1": {
      "llama3-70b-8192": 0.4645669291338583,
      "mixtral-8x7b-32768": 0.4,
      "gemma-7b-it": 0.4421052631578948
    },
    "v2.1-custom2": {
      "llama3-70b-8192": 0.5454545454545455,
      "mixtral-8x7b-32768": 0.3382352941176471,
      "gemma-7b-it": 0.22702702702702698
    },
    "v2.1-custom4": {
      "llama3-70b-8192": 0.47232472324723246,
      "mixtral-8x7b-32768": 0.2612826603325416,
      "gemma-7b-it": 0.2303030303030303
    }
  }
}