,llama3-70b-8192,mixtral-8x7b-32768,gemma-7b-it,claude-3-opus-20240229,gpt-3.5-turbo
v2-html,0.6858710562414266,0.6409266409266409,0.5028571428571429,0.0,0.0
v2-custom1,0.5652173913043478,0.46601941747572817,0.4430379746835443,0.0,0.0
v2-json,0.660377358490566,0.4483627204030227,0.4823529411764705,0.0,0.0
v2-custom2,0.6727647170417068,0.5767790262172285,0.5056179775280898,0.0,0.0
v2-md,0.7141008911343839,0.5049019607843138,0.5056179775280898,0.0,0.0
v0-unstruct,0.6976744186046511,0.7462686567164178,0.5,0.0,0.0
