,question_01,question_02,question_03,question_04,question_05,question_06,question_07,question_08,question_09,question_10,question_11,question_12,question_13,question_14,question_15,question_16,question_17,question_18,question_19,question_20,question_21,question_22,question_23,question_24,question_25,question_26,question_27,question_28,question_29,question_30,question_31,question_32,question_33,question_34,question_35,question_36,question_37,question_38,question_39,question_40,question_41,question_42,question_43,question_44,question_45,question_46,question_47,question_48,question_49,question_50
unstructured-io,0.42922374429223736,0.32530120481927716,0.26347305389221554,0.17751479289940827,0.27999999999999997,0.19354838709677416,0.36,0.2424242424242424,0.33548387096774196,0.14864864864864863,0.13414634146341464,0.35978835978835977,0.2727272727272727,0.11518324607329843,0.35106382978723405,0.2485875706214689,0.31794871794871793,0.21518987341772153,0.2361111111111111,0.23783783783783788,0.4027777777777778,0.5098039215686275,0.25498007968127495,0.37777777777777777,0.46445497630331756,0.27649769585253453,0.22115384615384615,0.12682926829268293,0.42194092827004215,0.419047619047619,0.21481481481481482,0.4147465437788018,0.4909090909090909,0.25,0.20942408376963353,0.29473684210526313,0.16666666666666666,0.1965811965811966,0.2198952879581152,0.2680412371134021,0.6775956284153005,0.3411764705882353,0.13836477987421386,0.2571428571428572,0.37948717948717947,0.3076923076923077,0.208,0.20512820512820515,0.22831050228310504,0.1685393258426966
