,llama3-70b-8192,mixtral-8x7b-32768,gemma-7b-it
v2.1-custom1,0.46420237534662273,0.3893805309734513,0.2073170731707317
v2.1-json,0.5033937564793857,0.37108433734939766,0.19753086419753085
v2.1-unstruct,0.44186046511627913,0.13043478260869565,0.2073170731707317
v2.1-custom4,0.4363233665559247,0.3611738148984199,0.2073170731707317
v2.1-html,0.480275447507086,0.33560090702947837,0.2073170731707317
v2.1-md,0.5292221595308159,0.4359673024523161,0.19753086419753085
v2.1-custom2,0.46087736374192206,0.3604938271604939,0.2073170731707317
