,llama3-70b-8192,mixtral-8x7b-32768,gemma-7b-it
v2.1-md,0.4429065743944637,0.4304461942257218,0.23863636363636365
v2.1-custom4,0.43125,0.4444444444444444,0.28409090909090906
v2.1-json,0.4984984984984984,0.45544554455445546,0.28248587570621464
v2.1-custom1,0.5243445692883895,0.3924050632911392,0.28409090909090906
v2.1-custom2,0.4280701754385965,0.4293785310734463,0.28409090909090906
v2.1-unstruct,0.5124555160142348,0.5664335664335663,0.1676646706586826
v2.1-html,0.48648648648648646,0.5203761755485893,0.28248587570621464
