,llama3-70b-8192,mixtral-8x7b-32768,gemma-7b-it
unstructured-io,0.6083650190114068,0.6666666666666666,0.5882352941176471
