{
  "question_23": {
    "unstructured-io": {
      "llama3-70b-8192": 0.6070287539936102,
      "mixtral-8x7b-32768": 0.4752941176470588,
      "gemma-7b-it": 0.4541832669322709
    }
  },
  "question_24": {
    "unstructured-io": {
      "llama3-70b-8192": 0.5723270440251572,
      "mixtral-8x7b-32768": 0.5724907063197026,
      "gemma-7b-it": 0.43333333333333335
    }
  }
}