,llama3-70b-8192,mixtral-8x7b-32768,gemma-7b-it,claude-3-opus-20240229,gpt-3.5-turbo
v2.1-json,0.5022065272584592,0.3607427055702918,0.5221674876847291,0.0,0.0
v2.1-unstruct,0.5963260397945712,0.5020576131687242,0.43979057591623044,0.0,0.0
v2.1-html,0.5092287901415691,0.37119113573407203,0.40594059405940597,0.0,0.0
v2.1-custom2,0.49801699028740015,0.40993788819875776,0.4522613065326633,0.0,0.0
v2.1-custom1,0.49408335762168465,0.34759358288770054,0.5221674876847291,0.0,0.0
v2.1-md,0.4728604118993135,0.39067055393586003,0.5427135678391959,0.0,0.0
v2.1-toml,0.530232558139535,0.38123167155425225,0.13664596273291926,0.0,0.0
