,llama3-70b-8192,mixtral-8x7b-32768,gemma-7b-it
v2.1-custom4,0.3149606299212599,0.3323442136498516,0.20588235294117643
v2.1-json,0.35964912280701755,0.36444444444444446,0.2589928057553957
v2.1-custom2,0.2935779816513761,0.2899628252788104,0.295774647887324
v2.1-unstruct,0.3035714285714285,0.2481203007518797,0.23129251700680273
v2.1-custom1,0.3135593220338983,0.2784090909090909,0.2676056338028169
v2.1-md,0.354066985645933,0.30666666666666664,0.24817518248175183
v2.1-html,0.3263598326359832,0.20571428571428568,0.295774647887324
