,llama3-70b-8192,mixtral-8x7b-32768,gemma-7b-it
v2.1-custom4,0.6261682242990654,0.37113402061855666,0.42253521126760557
v2.1-json,0.5887850467289718,0.3585434173669468,0.5517241379310346
v2.1-custom2,0.5365853658536585,0.3719512195121952,0.4827586206896552
v2.1-unstruct,0.5350877192982456,0.33888888888888885,0.28571428571428575
v2.1-custom1,0.5576923076923077,0.3988439306358382,0.4615384615384615
v2.1-md,0.5714285714285714,0.3563218390804597,0.4113475177304965
v2.1-html,0.5970149253731344,0.37931034482758624,0.42253521126760557
