,llama3-70b-8192,mixtral-8x7b-32768,gemma-7b-it
v2.1-md,0.42718446601941745,0.44128113879003555,0.24096385542168677
v2.1-custom4,0.43918918918918914,0.32272727272727275,0.26595744680851063
v2.1-json,0.4780876494023904,0.4247787610619469,0.3333333333333333
v2.1-custom1,0.460431654676259,0.48829431438127097,0.32160804020100503
v2.1-custom2,0.4435146443514644,0.4158415841584158,0.27218934911242604
v2.1-unstruct,0.4796747967479675,0.3916083916083916,0.18867924528301885
v2.1-html,0.4435146443514644,0.47588424437299043,0.24096385542168677
