,llama3-70b-8192,mixtral-8x7b-32768,gemma-7b-it
v2.1-json,0.28289473684210525,0.21633554083885206,0.08284023668639053
v2.1-custom1,0.2733333333333333,0.22262773722627732,0.1142857142857143
v2.1-unstruct,0.2808219178082192,0.25821596244131456,0.08284023668639053
v2.1-custom2,0.32258064516129037,0.20942408376963353,0.1142857142857143
v2.1-custom4,0.4525547445255474,0.2946859903381642,0.1142857142857143
v2.1-md,0.33876221498371334,0.259860788863109,0.08284023668639053
v2.1-html,0.27464788732394363,0.3059490084985836,0.08284023668639053
