,llama3-70b-8192,mixtral-8x7b-32768,gemma-7b-it
unstructured-io,0.25153374233128833,0.23999999999999996,0.4147465437788018
