,llama3-70b-8192,mixtral-8x7b-32768,gemma-7b-it
v2.1-json,0.6697247706422018,0.5985915492957746,0.49350649350649356
v2.1-custom1,0.7142857142857143,0.5540540540540541,0.5616438356164384
v2.1-unstruct,0.5572519083969465,0.6071428571428571,0.5411764705882354
v2.1-custom2,0.6482213438735177,0.5714285714285714,0.4657534246575342
v2.1-custom4,0.5509433962264151,0.5714285714285714,0.3970588235294118
v2.1-md,0.6724890829694323,0.5276872964169381,0.5454545454545455
v2.1-html,0.6905829596412556,0.5674740484429065,0.42038216560509556
