,llama3-70b-8192,mixtral-8x7b-32768,gemma-7b-it
unstructured-io,0.5656565656565657,0.5031055900621119,0.19895287958115185
