,llama3-70b-8192,mixtral-8x7b-32768,gemma-7b-it
v2.1-custom1,0.5435540069686411,0.4799999999999999,0.2433862433862434
v2.1-custom2,0.5161290322580645,0.48000000000000004,0.42342342342342343
v2.1-custom4,0.5448275862068965,0.46543778801843316,0.22340425531914893
v2.1-md,0.5574912891986062,0.450363196125908,0.27225130890052357
v2.1-json,0.4745762711864407,0.5460122699386504,0.28421052631578947
v2.1-unstruct,0.5907692307692307,0.4920993227990971,0.2526315789473684
v2.1-html,0.5202702702702703,0.4844124700239808,0.27225130890052357
