,llama3-70b-8192,mixtral-8x7b-32768,gemma-7b-it
v2.1-custom1,0.375,0.21108179419525067,0.3916083916083915
v2.1-json,0.3796426982007756,0.1629327902240326,0.35632183908045983
v2.1-unstruct,0.3604599734630694,0.20000000000000004,0.22222222222222224
v2.1-custom4,0.3667293210861675,0.18376068376068375,0.33802816901408445
v2.1-html,0.3766816143497758,0.19534883720930232,0.3448275862068965
v2.1-md,0.3784159848611343,0.17528089887640444,0.3262411347517731
v2.1-custom2,0.3960765701629489,0.20218579234972678,0.3724137931034483
