,llama3-70b-8192,mixtral-8x7b-32768,gemma-7b-it
v2.1-custom1,0.27177700348432055,0.265,0.15873015873015875
v2.1-custom2,0.27565982404692085,0.24533333333333338,0.23423423423423426
v2.1-custom4,0.2689655172413793,0.23963133640552994,0.13829787234042554
v2.1-md,0.2787456445993031,0.24697336561743344,0.15706806282722513
v2.1-json,0.2576271186440678,0.25153374233128833,0.15789473684210525
v2.1-unstruct,0.30153846153846153,0.25733634311512416,0.1368421052631579
v2.1-html,0.26351351351351354,0.24940047961630696,0.15706806282722513
