,llama3-70b-8192,mixtral-8x7b-32768,gemma-7b-it
unstructured-io,0.7624999999999998,0.5619834710743802,0.4909090909090909
