,llama3-70b-8192,mixtral-8x7b-32768,gemma-7b-it
unstructured-io,0.5227272727272727,0.5590062111801242,0.34594594594594597
