,llama3-70b-8192,mixtral-8x7b-32768,gemma-7b-it
unstructured-io,0.3481228668941979,0.381294964028777,0.31794871794871793
