{
  "question_01": {
    "unstructured-io": {
      "llama3-70b-8192": 0.46387832699619774,
      "mixtral-8x7b-32768": 0.2920110192837465,
      "gemma-7b-it": 0.42922374429223736
    }
  }
}