,llama3-70b-8192,mixtral-8x7b-32768,gemma-7b-it
v2.1-custom4,0.6511627906976745,0.0,0.358695652173913
v2.1-json,0.8095238095238094,0.6411764705882353,0.36923076923076925
v2.1-custom2,0.7985865724381627,0.5229885057471264,0.40425531914893614
v2.1-unstruct,0.7534246575342465,0.5947712418300654,0.3243243243243243
v2.1-custom1,0.7605633802816902,0.4668587896253602,0.3128491620111732
v2.1-md,0.5802047781569966,0.5196078431372549,0.3715846994535519
v2.1-html,0.7692307692307693,0.5163043478260869,0.40425531914893614
