,llama3-70b-8192,mixtral-8x7b-32768,gemma-7b-it
unstructured-io,0.7142857142857144,0.5354838709677419,0.4900000000000001
