,llama3-70b-8192,mixtral-8x7b-32768,gemma-7b-it
v2.1-custom4,0.5631067961165048,0.3747072599531616,0.4000000000000001
v2.1-json,0.6437768240343348,0.5338345864661654,0.4713375796178344
v2.1-custom2,0.6382978723404255,0.4335260115606937,0.4000000000000001
v2.1-unstruct,0.648888888888889,0.6201550387596899,0.41428571428571426
v2.1-custom1,0.6079295154185023,0.38219895287958117,0.4713375796178344
v2.1-md,0.6036036036036037,0.4392764857881137,0.4713375796178344
v2.1-html,0.646551724137931,0.47580645161290325,0.4000000000000001
