,llama3-70b-8192,mixtral-8x7b-32768,gemma-7b-it
v2.1-custom4,0.4615384615384615,0.37209302325581395,0.3495145631067961
v2.1-json,0.4693140794223827,0.3171247357293869,0.26666666666666666
v2.1-custom2,0.45806451612903226,0.3602771362586606,0.4663677130044843
v2.1-unstruct,0.45229681978798586,0.46052631578947373,0.32999999999999996
v2.1-custom1,0.45016077170418006,0.38228438228438233,0.45535714285714285
v2.1-md,0.4565916398713826,0.387409200968523,0.4396551724137931
v2.1-html,0.443579766536965,0.40559440559440557,0.4663677130044843
