,llama3-70b-8192,mixtral-8x7b-32768,gemma-7b-it
v2.1-json,0.3565891472868217,0.23208191126279865,0.21518987341772153
v2.1-custom1,0.408,0.2537764350453172,0.19444444444444445
v2.1-unstruct,0.5741626794258373,0.27891156462585037,0.24489795918367346
v2.1-custom2,0.3833333333333333,0.40892193308550184,0.18309859154929578
v2.1-custom4,0.34210526315789475,0.2144638403990025,0.19310344827586207
v2.1-md,0.5108225108225108,0.29304029304029305,0.19310344827586207
v2.1-html,0.39166666666666666,0.375,0.19444444444444445
