{
  "question_47": {
    "unstructured-io": {
      "llama3-70b-8192": 0.27439024390243905,
      "mixtral-8x7b-32768": 0.27011494252873564,
      "gemma-7b-it": 0.208
    }
  }
}