,llama3-70b-8192,mixtral-8x7b-32768,gemma-7b-it
v2.1-md,0.5394736842105263,0.375,0.18285714285714283
v2.1-custom4,0.6373626373626374,0.453125,0.18285714285714283
v2.1-json,0.506578947368421,0.429245283018868,0.15384615384615383
v2.1-custom1,0.4668989547038328,0.4792176039119804,0.18285714285714283
v2.1-custom2,0.5168539325842697,0.45161290322580644,0.18285714285714283
v2.1-unstruct,0.49645390070921985,0.4779220779220779,0.15384615384615383
v2.1-html,0.5454545454545455,0.4932975871313673,0.15384615384615383
