,llama3-70b-8192,mixtral-8x7b-32768,gemma-7b-it
v2.1-custom4,0.4525547445255474,0.24940047961630693,0.1142857142857143
v2.1-json,0.3016393442622951,0.2591876208897485,0.08284023668639053
v2.1-custom2,0.27522935779816515,0.2455357142857143,0.1142857142857143
v2.1-unstruct,0.44776119402985076,0.23001949317738793,0.1142857142857143
v2.1-custom1,0.2534246575342466,0.2583732057416268,0.1142857142857143
v2.1-md,0.27118644067796605,0.23700623700623696,0.08284023668639053
v2.1-html,0.27464788732394363,0.36272040302267,0.08284023668639053
