,llama3-70b-8192,mixtral-8x7b-32768,gemma-7b-it
v2.1-json,0.517241379310345,0.17567567567567566,0.2097902097902098
v2.1-custom1,0.5147679324894514,0.4626865671641791,0.2285714285714286
v2.1-unstruct,0.45188284518828453,0.4453441295546558,0.22377622377622378
v2.1-custom2,0.5296803652968036,0.44686648501362397,0.22377622377622378
v2.1-custom4,0.47698744769874474,0.2190611664295875,0.16352201257861634
v2.1-md,0.5700000000000001,0.3305322128851541,0.3026315789473684
v2.1-html,0.5728643216080401,0.38953488372093026,0.22377622377622378
