,llama3-70b-8192,mixtral-8x7b-32768,gemma-7b-it,claude-3-opus-20240229,gpt-3.5-turbo
v2.1-json,0.6614476400965481,0.575268817204301,0.36781609195402304,0.0,0.0
v2.1-unstruct,0.6539164321281663,0.6417445482866043,0.3825136612021858,0.0,0.0
v2.1-html,0.6610878661087866,0.6559485530546624,0.2891566265060241,0.0,0.0
v2.1-custom2,0.6610878661087866,0.5540540540540541,0.3448275862068966,0.0,0.0
v2.1-custom1,0.6476023362494673,0.6580645161290324,0.3925233644859813,0.0,0.0
v2.1-md,0.6743657625651887,0.6619217081850534,0.2891566265060241,0.0,0.0
v2.1-toml,0.6075949367088608,0.617737003058104,0.23595505617977527,0.0,0.0
