,llama3-70b-8192,mixtral-8x7b-32768,gemma-7b-it
v2.1-custom4,0.4632352941176471,0.3834196891191709,0.12087912087912087
v2.1-unstruct,0.23272727272727273,0.20448877805486285,0.23076923076923078
v2.1-md,0.5112781954887218,0.41919191919191917,0.2949308755760368
v2.1-custom1,0.4946236559139785,0.3760330578512397,0.24154589371980675
v2.1-html,0.48550724637681153,0.4389027431421446,0.15706806282722513
v2.1-custom2,0.48550724637681153,0.41999999999999993,0.20560747663551399
v2.1-json,0.5298013245033112,0.3212435233160622,0.35540069686411146
