,llama3-70b-8192,mixtral-8x7b-32768,gemma-7b-it
unstructured-io,0.44,0.30303030303030304,0.29473684210526313
