,llama3-70b-8192,mixtral-8x7b-32768,gemma-7b-it
v2.1-custom4,0.5217391304347826,0.5067567567567567,0.5071770334928231
v2.1-unstruct,0.5586206896551723,0.43099273607748184,0.37714285714285717
v2.1-md,0.6064139941690962,0.4233983286908078,0.4183673469387755
v2.1-custom1,0.5771812080536913,0.4234234234234234,0.4455958549222798
v2.1-html,0.596153846153846,0.29764065335753176,0.4840182648401827
v2.1-custom2,0.5301204819277109,0.56973293768546,0.37714285714285717
v2.1-json,0.6200000000000001,0.41361256544502617,0.509433962264151
