,llama3-70b-8192,mixtral-8x7b-32768,gemma-7b-it,claude-3-opus-20240229,gpt-3.5-turbo
v2.1-json,0.47079419548085033,0.34946236559139787,0.3333333333333333,0.0,0.0
v2.1-unstruct,0.41417622862091363,0.49844236760124616,0.30601092896174864,0.0,0.0
v2.1-html,0.4435146443514644,0.4823151125401929,0.24096385542168677,0.0,0.0
v2.1-custom2,0.4435146443514644,0.31756756756756754,0.27586206896551724,0.0,0.0
v2.1-custom1,0.4575439300127842,0.39999999999999997,0.308411214953271,0.0,0.0
v2.1-md,0.4225214069367584,0.4412811387900356,0.24096385542168677,0.0,0.0
v2.1-toml,0.4177215189873419,0.33027522935779813,0.16853932584269662,0.0,0.0
