,llama3-70b-8192,mixtral-8x7b-32768,gemma-7b-it
v2.1-custom4,0.5354330708661417,0.456973293768546,0.25
v2.1-json,0.5789473684210527,0.5599999999999999,0.302158273381295
v2.1-custom2,0.5045871559633027,0.5055762081784387,0.3380281690140845
v2.1-unstruct,0.4910714285714286,0.406015037593985,0.29931972789115646
v2.1-custom1,0.5423728813559321,0.42613636363636365,0.28169014084507044
v2.1-md,0.5741626794258374,0.4533333333333333,0.291970802919708
v2.1-html,0.5104602510460251,0.37714285714285717,0.3380281690140845
