,llama3-70b-8192,mixtral-8x7b-32768,gemma-7b-it
v2.1-custom4,0.4507042253521127,0.44327176781002636,0.1564245810055866
v2.1-unstruct,0.4093959731543624,0.46607669616519176,0.1564245810055866
v2.1-md,0.40625,0.4036697247706422,0.1564245810055866
v2.1-custom1,0.40236686390532544,0.43498817966903075,0.1564245810055866
v2.1-html,0.40718562874251496,0.456824512534819,0.1564245810055866
v2.1-custom2,0.4234527687296417,0.4449648711943794,0.1564245810055866
v2.1-json,0.40718562874251496,0.4204851752021563,0.1564245810055866
