,llama3-70b-8192,mixtral-8x7b-32768,gemma-7b-it
v2.1-custom4,0.6666666666666667,0.4840425531914894,0.29508196721311475
v2.1-json,0.6036585365853658,0.5415549597855228,0.4734299516908212
v2.1-custom2,0.6144200626959248,0.4848484848484849,0.3939393939393939
v2.1-unstruct,0.7749077490774907,0.6685552407932012,0.5454545454545455
v2.1-custom1,0.636015325670498,0.12987012987012989,0.46073298429319376
v2.1-md,0.6878980891719745,0.544080604534005,0.5201465201465201
v2.1-html,0.6498194945848376,0.5213032581453634,0.2841530054644809
