{
  "question_01": {
    "v2.1-unstruct": {
      "llama3-70b-8192": 0.5263157894736842,
      "mixtral-8x7b-32768": 0.45177664974619286,
      "gemma-7b-it": 0.26744186046511625
    },
    "v2.1-md": {
      "llama3-70b-8192": 0.46875000000000006,
      "mixtral-8x7b-32768": 0.43181818181818177,
      "gemma-7b-it": 0.26589595375722547
    },
    "v2.1-json": {
      "llama3-70b-8192": 0.5151515151515151,
      "mixtral-8x7b-32768": 0.37394957983193283,
      "gemma-7b-it": 0.4
    },
    "v2.1-html": {
      "llama3-70b-8192": 0.515625,
      "mixtral-8x7b-32768": 0.28061224489795916,
      "gemma-7b-it": 0.22702702702702698
    },
    "v2.1-custom1": {
      "llama3-70b-8192": 0.4645669291338583,
      "mixtral-8x7b-32768": 0.4,
      "gemma-7b-it": 0.4421052631578948
    },
    "v2.1-custom2": {
      "llama3-70b-8192": 0.5396825396825397,
      "mixtral-8x7b-32768": 0.3382352941176471,
      "gemma-7b-it": 0.22702702702702698
    },
    "v2.1-custom4": {
      "llama3-70b-8192": 0.5,
      "mixtral-8x7b-32768": 0.2612826603325416,
      "gemma-7b-it": 0.2303030303030303
    }
  }
}