,llama3-70b-8192,mixtral-8x7b-32768,gemma-7b-it
v2.1-custom1,0.22068965517241382,0.22959183673469388,0.15204678362573099
v2.1-custom2,0.21804511278195488,0.16363636363636364,0.15028901734104047
v2.1-custom4,0.26989619377162627,0.22222222222222224,0.15204678362573099
v2.1-md,0.19808306709265178,0.19791666666666669,0.15116279069767444
v2.1-json,0.2275862068965517,0.2804232804232804,0.15204678362573099
v2.1-unstruct,0.2685512367491166,0.23848238482384823,0.15204678362573099
v2.1-html,0.2007168458781362,0.22622107969151672,0.15204678362573099
