,llama3-70b-8192,mixtral-8x7b-32768,gemma-7b-it
v2.1-custom4,0.19285714285714284,0.25806451612903225,0.09375000000000001
v2.1-json,0.17543859649122806,0.19002375296912113,0.09375000000000001
v2.1-custom2,0.1796875,0.2079646017699115,0.09375000000000001
v2.1-unstruct,0.1746724890829694,0.2039911308203991,0.09375000000000001
v2.1-custom1,0.19808306709265172,0.223463687150838,0.09375000000000001
v2.1-md,0.1890909090909091,0.23569023569023564,0.09375000000000001
v2.1-html,0.1823899371069182,0.2021052631578947,0.09375000000000001
