{
  "question_01": {
    "unstructured-io": {
      "llama3-70b-8192": 0.6920152091254753,
      "mixtral-8x7b-32768": 0.4793388429752066,
      "gemma-7b-it": 0.5114155251141552
    }
  },
  "question_02": {
    "unstructured-io": {
      "llama3-70b-8192": 0.5700000000000001,
      "mixtral-8x7b-32768": 0.5676855895196506,
      "gemma-7b-it": 0.39759036144578314
    }
  },
  "question_03": {
    "unstructured-io": {
      "llama3-70b-8192": 0.6881720430107526,
      "mixtral-8x7b-32768": 0.5648854961832062,
      "gemma-7b-it": 0.29940119760479045
    }
  },
  "question_04": {
    "unstructured-io": {
      "llama3-70b-8192": 0.5384615384615384,
      "mixtral-8x7b-32768": 0.515625,
      "gemma-7b-it": 0.28402366863905326
    }
  },
  "question_05": {
    "unstructured-io": {
      "llama3-70b-8192": 0.45054945054945056,
      "mixtral-8x7b-32768": 0.3450704225352113,
      "gemma-7b-it": 0.38
    }
  },
  "question_06": {
    "unstructured-io": {
      "llama3-70b-8192": 0.5585585585585585,
      "mixtral-8x7b-32768": 0.45414847161572053,
      "gemma-7b-it": 0.232258064516129
    }
  },
  "question_07": {
    "unstructured-io": {
      "llama3-70b-8192": 0.7142857142857144,
      "mixtral-8x7b-32768": 0.5354838709677419,
      "gemma-7b-it": 0.4900000000000001
    }
  }
}