{
  "question_23": {
    "unstructured-io": {
      "llama3-70b-8192": 0.3769968051118211,
      "mixtral-8x7b-32768": 0.24470588235294116,
      "gemma-7b-it": 0.25498007968127495
    }
  },
  "question_24": {
    "unstructured-io": {
      "llama3-70b-8192": 0.3647798742138365,
      "mixtral-8x7b-32768": 0.40148698884758366,
      "gemma-7b-it": 0.37777777777777777
    }
  },
  "question_25": {
    "unstructured-io": {
      "llama3-70b-8192": 0.4219409282700422,
      "mixtral-8x7b-32768": 0.3897058823529412,
      "gemma-7b-it": 0.46445497630331756
    }
  },
  "question_26": {
    "unstructured-io": {
      "llama3-70b-8192": 0.3142857142857143,
      "mixtral-8x7b-32768": 0.255863539445629,
      "gemma-7b-it": 0.27649769585253453
    }
  }
}