,llama3-70b-8192,mixtral-8x7b-32768,gemma-7b-it
v2.1-custom4,0.7129629629629629,0.4973821989528796,0.16901408450704225
v2.1-unstruct,0.6952789699570816,0.521172638436482,0.490566037735849
v2.1-md,0.6666666666666666,0.5138121546961326,0.20547945205479454
v2.1-custom1,0.6949152542372881,0.5309734513274337,0.16901408450704225
v2.1-html,0.6576576576576576,0.5194029850746269,0.16901408450704225
v2.1-custom2,0.6576576576576576,0.11570247933884298,0.16901408450704225
v2.1-json,0.6949152542372881,0.5288753799392096,0.43870967741935485
