,llama3-70b-8192,mixtral-8x7b-32768,gemma-7b-it
v2.1-custom4,0.3573883161512027,0.31818181818181823,0.15469613259668508
v2.1-json,0.3412969283276451,0.40894568690095845,0.23728813559322032
v2.1-custom2,0.34532374100719426,0.4121621621621622,0.2829268292682927
v2.1-unstruct,0.2978723404255319,0.2920110192837465,0.15384615384615383
v2.1-custom1,0.338235294117647,0.33532934131736525,0.2926829268292683
v2.1-md,0.3666666666666667,0.37125748502994005,0.33507853403141363
v2.1-html,0.3745318352059925,0.3958333333333333,0.3121951219512195
