,llama3-70b-8192,mixtral-8x7b-32768,gemma-7b-it
v2.1-custom1,0.5676567656765676,0.5183374083129585,0.5043478260869566
v2.1-custom2,0.6599999999999999,0.49148418491484175,0.5021645021645021
v2.1-custom4,0.6134185303514378,0.4182776801405975,0.4956521739130435
v2.1-md,0.5412541254125411,0.4643678160919541,0.4936170212765958
v2.1-json,0.5345911949685535,0.4621848739495798,0.5042735042735043
v2.1-unstruct,0.6098360655737705,0.5547445255474452,0.4845814977973569
v2.1-html,0.5835694050991501,0.5566502463054187,0.5043478260869566
