,question_01,question_02,question_03,question_04,question_05,question_06,question_07,question_08,question_09,question_10,question_11,question_12,question_13,question_14,question_15,question_16,question_17,question_18,question_19,question_20,question_21,question_22,question_23,question_24,question_25,question_26,question_27,question_28,question_29,question_30,question_31,question_32,question_33,question_34,question_35,question_36,question_37,question_38,question_39,question_40,question_41,question_42,question_43,question_44,question_45,question_46,question_47,question_48,question_49,question_50
unstructured-io,0.46387832699619774,0.35999999999999993,0.4659498207885304,0.3269230769230769,0.29670329670329676,0.29729729729729726,0.5714285714285715,0.3548387096774193,0.5225225225225225,0.34782608695652173,0.27999999999999997,0.3287671232876712,0.30962343096234307,0.32996632996632996,0.4043321299638989,0.24305555555555555,0.3481228668941979,0.3696682464454977,0.2723004694835681,0.2954545454545454,0.40182648401826476,0.4866920152091255,0.3769968051118211,0.3647798742138365,0.4219409282700422,0.3142857142857143,0.2637362637362637,0.26268656716417915,0.41258741258741266,0.43421052631578944,0.23333333333333334,0.25153374233128833,0.5125000000000001,0.1949685534591195,0.3822525597269625,0.44,0.33744855967078186,0.25098039215686274,0.2361111111111111,0.25999999999999995,0.5779816513761468,0.3612334801762115,0.38202247191011235,0.4181184668989547,0.5482625482625484,0.31343283582089554,0.27439024390243905,0.27177700348432055,0.24161073825503357,0.23824451410658307
