,llama3-70b-8192,mixtral-8x7b-32768,gemma-7b-it,claude-3-opus-20240229,gpt-3.5-turbo
v2.1-json,0.5151515151515151,0.37394957983193283,0.4108108108108108,0.0,0.0
v2.1-unstruct,0.48352329869259136,0.45177664974619286,0.26744186046511625,0.0,0.0
v2.1-html,0.5186224489795919,0.28061224489795916,0.22702702702702698,0.0,0.0
v2.1-custom2,0.5291935432871687,0.3382352941176471,0.22702702702702698,0.0,0.0
v2.1-custom1,0.4645669291338582,0.4,0.4421052631578948,0.0,0.0
v2.1-md,0.4733167395615442,0.43181818181818177,0.26589595375722547,0.0,0.0
v2.1-toml,0.5259811405478221,0.0,0.3850267379679144,0.0,0.0
