,llama3-70b-8192,mixtral-8x7b-32768,gemma-7b-it
v2.1-json,0.8067796610169492,0.5244215938303343,0.36923076923076925
v2.1-custom1,0.5620915032679739,0.676056338028169,0.3715846994535519
v2.1-unstruct,0.5821917808219178,0.5221674876847291,0.5221238938053098
v2.1-custom2,0.7859649122807016,0.09271523178807947,0.40425531914893614
v2.1-custom4,0.5827338129496402,0.6575342465753424,0.36263736263736257
v2.1-md,0.778523489932886,0.544041450777202,0.3715846994535519
v2.1-html,0.7692307692307693,0.48062015503875966,0.3478260869565218
