,llama3-70b-8192,mixtral-8x7b-32768,gemma-7b-it
unstructured-io,0.5753424657534245,0.36676217765042984,0.4722222222222222
