,llama3-70b-8192,mixtral-8x7b-32768,gemma-7b-it
unstructured-io,0.43205574912891986,0.39999999999999997,0.282051282051282
