,llama3-70b-8192,mixtral-8x7b-32768,gemma-7b-it
unstructured-io,0.5337423312883436,0.49500000000000005,0.5161290322580645
