,llama3-70b-8192,mixtral-8x7b-32768,gemma-7b-it
v2.1-custom1,0.21176470588235297,0.19834710743801653,0.11707317073170731
v2.1-custom2,0.22006472491909387,0.21609195402298853,0.11707317073170731
v2.1-custom4,0.22674418604651161,0.2262210796915167,0.11707317073170731
v2.1-md,0.2095808383233533,0.22159090909090912,0.1262135922330097
v2.1-json,0.22429906542056074,0.2238442822384428,0.11707317073170731
v2.1-unstruct,0.2215568862275449,0.2058165548098434,0.11707317073170731
v2.1-html,0.21884498480243159,0.19417475728155337,0.11707317073170731
