,llama3-70b-8192,mixtral-8x7b-32768,gemma-7b-it,claude-3-opus-20240229,gpt-3.5-turbo
v2.1-custom1,0.7244094488188977,0.5772151898734178,0.4842105263157895,0.0,0.0
v2.1-toml,0.6336461432822156,0.0,0.45989304812834225,0.0,0.0
v2.1-custom2,0.7222222222222223,0.5490196078431372,0.2918918918918919,0.0,0.0
v2.1-json,0.7026286966046001,0.4957983193277311,0.46486486486486495,0.0,0.0
v2.1-unstruct,0.6426482873851295,0.5837563451776651,0.32558139534883723,0.0,0.0
v2.1-html,0.7041997354497355,0.4948979591836735,0.2918918918918919,0.0,0.0
v2.1-md,0.7227726684414283,0.5852272727272727,0.3468208092485549,0.0,0.0
