,llama3-70b-8192,mixtral-8x7b-32768,gemma-7b-it
v2.1-custom1,0.631457722066934,0.4716417910447761,0.28169014084507044
v2.1-json,0.5762964188239187,0.5599999999999999,0.302158273381295
v2.1-unstruct,0.49756187785848804,0.406015037593985,0.29931972789115646
v2.1-custom4,0.5625810838473805,0.45977011494252884,0.25
v2.1-html,0.5094850948509485,0.25196850393700787,0.3380281690140845
v2.1-md,0.5739570164348925,0.4658385093167701,0.2706766917293233
v2.1-custom2,0.5313979492169086,0.4000000000000001,0.3380281690140845
