,llama3-70b-8192,mixtral-8x7b-32768,gemma-7b-it
unstructured-io,0.3548387096774193,0.26704545454545453,0.2424242424242424
