,llama3-70b-8192,mixtral-8x7b-32768,gemma-7b-it
unstructured-io,0.4895522388059702,0.4207792207792208,0.18536585365853658
