{
  "question_01": {
    "v2.1-unstruct": {
      "llama3-70b-8192": 0.7307692307692307,
      "mixtral-8x7b-32768": 0.6174863387978142,
      "gemma-7b-it": 0.3468208092485549
    },
    "v2.1-md": {
      "llama3-70b-8192": 0.6821705426356589,
      "mixtral-8x7b-32768": 0.48456057007125886,
      "gemma-7b-it": 0.4842105263157895
    },
    "v2.1-json": {
      "llama3-70b-8192": 0.7068273092369477,
      "mixtral-8x7b-32768": 0.4957983193277311,
      "gemma-7b-it": 0.45405405405405397
    },
    "v2.1-html": {
      "llama3-70b-8192": 0.6953125000000001,
      "mixtral-8x7b-32768": 0.4948979591836735,
      "gemma-7b-it": 0.2918918918918919
    },
    "v2.1-custom1": {
      "llama3-70b-8192": 0.7244094488188977,
      "mixtral-8x7b-32768": 0.5772151898734178,
      "gemma-7b-it": 0.4842105263157895
    },
    "v2.1-custom2": {
      "llama3-70b-8192": 0.7114624505928855,
      "mixtral-8x7b-32768": 0.5490196078431372,
      "gemma-7b-it": 0.2918918918918919
    },
    "v2.1-custom4": {
      "llama3-70b-8192": 0.7749077490774908,
      "mixtral-8x7b-32768": 0.43705463182897863,
      "gemma-7b-it": 0.2909090909090909
    }
  }
}