,llama3-70b-8192,mixtral-8x7b-32768,gemma-7b-it
v2.1-custom4,0.5922746781115881,0.47466666666666674,0.46625766871165636
v2.1-unstruct,0.701195219123506,0.6220735785953176,0.4444444444444444
v2.1-md,0.6982758620689655,0.5408450704225352,0.4313725490196078
v2.1-custom1,0.7068965517241379,0.417910447761194,0.4596273291925467
v2.1-html,0.6776859504132232,0.44986449864498645,0.4596273291925467
v2.1-custom2,0.5901639344262296,0.6872586872586873,0.4691358024691358
v2.1-json,0.7203389830508475,0.4263959390862944,0.41558441558441556
