,llama3-70b-8192,mixtral-8x7b-32768,gemma-7b-it
v2.1-custom4,0.4406779661016949,0.2857142857142857,0.26595744680851063
v2.1-json,0.4780876494023904,0.48024316109422494,0.3333333333333333
v2.1-custom2,0.4435146443514644,0.2968197879858658,0.27586206896551724
v2.1-unstruct,0.41610738255033564,0.49844236760124616,0.30601092896174864
v2.1-custom1,0.460431654676259,0.3987138263665595,0.308411214953271
v2.1-md,0.44525547445255476,0.35782747603833864,0.24096385542168677
v2.1-html,0.4435146443514644,0.4740259740259741,0.24096385542168677
