,llama3-70b-8192,mixtral-8x7b-32768,gemma-7b-it
unstructured-io,0.6881720430107526,0.5648854961832062,0.29940119760479045
