,llama3-70b-8192,mixtral-8x7b-32768,gemma-7b-it,claude-3-opus-20240229,gpt-3.5-turbo
v2-html,0.5048010973936901,0.4247104247104247,0.3657142857142857,0.0,0.0
v2-custom1,0.36521739130434777,0.29773462783171517,0.30379746835443044,0.0,0.0
v2-json,0.4622641509433962,0.2720403022670025,0.34117647058823525,0.0,0.0
v2-custom2,0.4781264593001196,0.33707865168539325,0.35955056179775285,0.0,0.0
v2-md,0.5063517025239513,0.3627450980392157,0.37078651685393255,0.0,0.0
v0-unstruct,0.5503875968992249,0.5447761194029851,0.3604651162790698,0.0,0.0
