,llama3-70b-8192,mixtral-8x7b-32768,gemma-7b-it
v2.1-custom1,0.23408043274698687,0.20089285714285712,0.192090395480226
v2.1-json,0.23104693140794222,0.25,0.1704545454545455
v2.1-unstruct,0.30500484664484157,0.23466666666666666,0.18064516129032257
v2.1-custom4,0.21930381363042736,0.20147420147420145,0.1818181818181818
v2.1-html,0.2325839015245774,0.24590163934426226,0.192090395480226
v2.1-md,0.2564549438214543,0.2293333333333333,0.1704545454545455
v2.1-custom2,0.21871987661461345,0.23976608187134504,0.1704545454545455
