,llama3-70b-8192,mixtral-8x7b-32768,gemma-7b-it
unstructured-io,0.5201465201465202,0.37529691211401434,0.3365384615384615
