,llama3-70b-8192,mixtral-8x7b-32768,gemma-7b-it
unstructured-io,0.2361111111111111,0.2659574468085106,0.2198952879581152
