{
  "question_01": {
    "v2.1-unstruct": 0.39966185025450307,
    "v2.1-md": 0.387462145626757,
    "v2.1-json": 0.43330396859808623,
    "v2.1-html": 0.34275334007476865,
    "v2.1-custom1": 0.4357907016008964,
    "v2.1-custom2": 0.3631341775949619,
    "v2.1-custom4": 0.3213034712942681
  }
}