{
  "question_23": {
    "unstructured-io": {
      "llama3-70b-8192": 0.6070287539936102,
      "mixtral-8x7b-32768": 0.4752941176470588,
      "gemma-7b-it": 0.4541832669322709
    }
  },
  "question_24": {
    "unstructured-io": {
      "llama3-70b-8192": 0.5723270440251572,
      "mixtral-8x7b-32768": 0.5724907063197026,
      "gemma-7b-it": 0.43333333333333335
    }
  },
  "question_25": {
    "unstructured-io": {
      "llama3-70b-8192": 0.5569620253164557,
      "mixtral-8x7b-32768": 0.49264705882352944,
      "gemma-7b-it": 0.5592417061611374
    }
  },
  "question_26": {
    "unstructured-io": {
      "llama3-70b-8192": 0.6,
      "mixtral-8x7b-32768": 0.46481876332622607,
      "gemma-7b-it": 0.43317972350230416
    }
  },
  "question_27": {
    "unstructured-io": {
      "llama3-70b-8192": 0.5201465201465202,
      "mixtral-8x7b-32768": 0.37529691211401434,
      "gemma-7b-it": 0.3365384615384615
    }
  },
  "question_28": {
    "unstructured-io": {
      "llama3-70b-8192": 0.4895522388059702,
      "mixtral-8x7b-32768": 0.4207792207792208,
      "gemma-7b-it": 0.18536585365853658
    }
  },
  "question_29": {
    "unstructured-io": {
      "llama3-70b-8192": 0.5804195804195805,
      "mixtral-8x7b-32768": 0.40160642570281124,
      "gemma-7b-it": 0.5147679324894515
    }
  },
  "question_30": {
    "unstructured-io": {
      "llama3-70b-8192": 0.5526315789473685,
      "mixtral-8x7b-32768": 0.60431654676259,
      "gemma-7b-it": 0.5142857142857143
    }
  },
  "question_31": {
    "unstructured-io": {
      "llama3-70b-8192": 0.41666666666666663,
      "mixtral-8x7b-32768": 0.4396135265700483,
      "gemma-7b-it": 0.4666666666666667
    }
  }
}