,llama3-70b-8192,mixtral-8x7b-32768,gemma-7b-it
unstructured-io,0.38202247191011235,0.31210191082802546,0.13836477987421386
