,llama3-70b-8192,mixtral-8x7b-32768,gemma-7b-it
unstructured-io,0.25999999999999995,0.26035502958579876,0.2680412371134021
