,llama3-70b-8192,mixtral-8x7b-32768,gemma-7b-it,claude-3-opus-20240229,gpt-3.5-turbo
v2.1-unstruct,0.4128887926679657,0.49844236760124616,0.30601092896174864,0.0,0.0
v2.1-html,0.4435146443514644,0.45512820512820507,0.24096385542168677,0.0,0.0
v2.1-custom4,0.43058078435466474,0.3438256658595642,0.26595744680851063,0.0,0.0
v2.1-md,0.4415208232053152,0.36272040302267006,0.24096385542168677,0.0,0.0
v2.1-custom1,0.4451669023564115,0.4037267080745342,0.30150753768844224,0.0,0.0
v2.1-json,0.4780876494023904,0.44126074498567336,0.3333333333333333,0.0,0.0
v2.1-custom2,0.4435146443514644,0.31756756756756754,0.27218934911242604,0.0,0.0
