,llama3-70b-8192,mixtral-8x7b-32768,gemma-7b-it
unstructured-io,0.7120000000000001,0.47474747474747475,0.4736842105263158
