,llama3-70b-8192,mixtral-8x7b-32768,gemma-7b-it
v2.1-md,0.4736842105263158,0.39067055393586003,0.5427135678391959
v2.1-custom4,0.5181818181818182,0.38526912181303113,0.4
v2.1-json,0.5185185185185186,0.3607427055702918,0.5221674876847291
v2.1-custom1,0.5114155251141552,0.34759358288770054,0.5221674876847291
v2.1-custom2,0.4977375565610859,0.40993788819875776,0.4522613065326633
v2.1-unstruct,0.5645161290322581,0.37356321839080464,0.5427135678391959
v2.1-html,0.49361702127659574,0.37119113573407203,0.40594059405940597
