,llama3-70b-8192,mixtral-8x7b-32768,gemma-7b-it
v2.1-custom1,0.4444660786489872,0.28625954198473286,0.12499999999999999
v2.1-json,0.40455902790439496,0.33583959899749366,0.12499999999999999
v2.1-unstruct,0.35725747232723215,0.336322869955157,0.2885572139303483
v2.1-custom4,0.34675350959503964,0.31840796019900497,0.12371134020618557
v2.1-html,0.3578677546275723,0.3489583333333333,0.1243523316062176
v2.1-md,0.3773194265400992,0.3706070287539937,0.1243523316062176
v2.1-custom2,0.39963298026464056,0.2653061224489796,0.12371134020618557
