,llama3-70b-8192,mixtral-8x7b-32768,gemma-7b-it
v2.1-json,0.6496350364963503,0.6514657980456027,0.3195266272189349
v2.1-custom1,0.6474820143884892,0.64,0.43216080402010054
v2.1-unstruct,0.6586345381526104,0.6666666666666667,0.22641509433962262
v2.1-custom2,0.6610878661087866,0.626865671641791,0.3448275862068966
v2.1-custom4,0.632258064516129,0.5646437994722954,0.35106382978723405
v2.1-md,0.6114649681528662,0.6619217081850534,0.2891566265060241
v2.1-html,0.6610878661087866,0.625,0.2891566265060241
