,llama3-70b-8192,mixtral-8x7b-32768,gemma-7b-it,claude-3-opus-20240229,gpt-3.5-turbo
v2.1-unstruct,0.6513819730100311,0.6417445482866043,0.3825136612021858,0.0,0.0
v2.1-html,0.6610878661087866,0.6538461538461539,0.2891566265060241,0.0,0.0
v2.1-custom4,0.6394056442913317,0.5326876513317192,0.3510638297872341,0.0,0.0
v2.1-md,0.6711635067250041,0.5692695214105794,0.2891566265060241,0.0,0.0
v2.1-custom1,0.6524183711651821,0.6086956521739131,0.43216080402010054,0.0,0.0
v2.1-json,0.6693227091633466,0.5959885386819485,0.36781609195402304,0.0,0.0
v2.1-custom2,0.6610878661087866,0.5810810810810811,0.3195266272189349,0.0,0.0
