,llama3-70b-8192,mixtral-8x7b-32768,gemma-7b-it
unstructured-io,0.24305555555555555,0.25958702064896755,0.2485875706214689
