,llama3-70b-8192,mixtral-8x7b-32768,gemma-7b-it
unstructured-io,0.4866920152091255,0.5350877192982457,0.5098039215686275
