{
  "question_01": {
    "v2.1-unstruct": {
      "llama3-70b-8192": 0.669172932330827,
      "mixtral-8x7b-32768": 0.5837563451776651,
      "gemma-7b-it": 0.32558139534883723
    },
    "v2.1-md": {
      "llama3-70b-8192": 0.7343749999999999,
      "mixtral-8x7b-32768": 0.5852272727272727,
      "gemma-7b-it": 0.3468208092485549
    },
    "v2.1-json": {
      "llama3-70b-8192": 0.7045454545454546,
      "mixtral-8x7b-32768": 0.4957983193277311,
      "gemma-7b-it": 0.45405405405405397
    },
    "v2.1-html": {
      "llama3-70b-8192": 0.6953125000000001,
      "mixtral-8x7b-32768": 0.4948979591836735,
      "gemma-7b-it": 0.2918918918918919
    },
    "v2.1-custom1": {
      "llama3-70b-8192": 0.7244094488188977,
      "mixtral-8x7b-32768": 0.5772151898734178,
      "gemma-7b-it": 0.4842105263157895
    },
    "v2.1-custom2": {
      "llama3-70b-8192": 0.7222222222222223,
      "mixtral-8x7b-32768": 0.5490196078431372,
      "gemma-7b-it": 0.2918918918918919
    },
    "v2.1-custom4": {
      "llama3-70b-8192": 0.6846153846153846,
      "mixtral-8x7b-32768": 0.43705463182897863,
      "gemma-7b-it": 0.2909090909090909
    }
  },
  "question_02": {
    "v2.1-unstruct": {
      "llama3-70b-8192": 0.7000000000000001,
      "mixtral-8x7b-32768": 0.6831275720164609,
      "gemma-7b-it": 0.5968586387434555
    },
    "v2.1-md": {
      "llama3-70b-8192": 0.6754385964912281,
      "mixtral-8x7b-32768": 0.5131195335276968,
      "gemma-7b-it": 0.6130653266331658
    },
    "v2.1-json": {
      "llama3-70b-8192": 0.7037037037037037,
      "mixtral-8x7b-32768": 0.4721485411140583,
      "gemma-7b-it": 0.6009852216748769
    },
    "v2.1-html": {
      "llama3-70b-8192": 0.6968325791855204,
      "mixtral-8x7b-32768": 0.5207756232686981,
      "gemma-7b-it": 0.603960396039604
    },
    "v2.1-custom1": {
      "llama3-70b-8192": 0.7031963470319635,
      "mixtral-8x7b-32768": 0.47058823529411764,
      "gemma-7b-it": 0.6009852216748769
    },
    "v2.1-custom2": {
      "llama3-70b-8192": 0.6877828054298643,
      "mixtral-8x7b-32768": 0.5590062111801242,
      "gemma-7b-it": 0.6130653266331658
    },
    "v2.1-custom4": {
      "llama3-70b-8192": 0.7090909090909091,
      "mixtral-8x7b-32768": 0.5042492917847025,
      "gemma-7b-it": 0.6
    }
  },
  "question_03": {
    "v2.1-unstruct": {
      "llama3-70b-8192": 0.6577181208053692,
      "mixtral-8x7b-32768": 0.6417445482866043,
      "gemma-7b-it": 0.3825136612021858
    },
    "v2.1-md": {
      "llama3-70b-8192": 0.6496350364963503,
      "mixtral-8x7b-32768": 0.6070287539936102,
      "gemma-7b-it": 0.2891566265060241
    },
    "v2.1-json": {
      "llama3-70b-8192": 0.6693227091633467,
      "mixtral-8x7b-32768": 0.6382978723404255,
      "gemma-7b-it": 0.36781609195402304
    },
    "v2.1-html": {
      "llama3-70b-8192": 0.6610878661087866,
      "mixtral-8x7b-32768": 0.6623376623376623,
      "gemma-7b-it": 0.2891566265060241
    },
    "v2.1-custom1": {
      "llama3-70b-8192": 0.6474820143884892,
      "mixtral-8x7b-32768": 0.6495176848874599,
      "gemma-7b-it": 0.3925233644859813
    },
    "v2.1-custom2": {
      "llama3-70b-8192": 0.6610878661087866,
      "mixtral-8x7b-32768": 0.5653710247349824,
      "gemma-7b-it": 0.3448275862068966
    },
    "v2.1-custom4": {
      "llama3-70b-8192": 0.6576271186440678,
      "mixtral-8x7b-32768": 0.5156794425087108,
      "gemma-7b-it": 0.35106382978723405
    }
  },
  "question_04": {
    "v2.1-unstruct": {
      "llama3-70b-8192": 0.5820895522388061,
      "mixtral-8x7b-32768": 0.36257309941520466,
      "gemma-7b-it": 0.18285714285714283
    },
    "v2.1-md": {
      "llama3-70b-8192": 0.5016949152542373,
      "mixtral-8x7b-32768": 0.4573804573804574,
      "gemma-7b-it": 0.15384615384615383
    },
    "v2.1-json": {
      "llama3-70b-8192": 0.478688524590164,
      "mixtral-8x7b-32768": 0.39845261121856873,
      "gemma-7b-it": 0.15384615384615383
    },
    "v2.1-html": {
      "llama3-70b-8192": 0.49295774647887325,
      "mixtral-8x7b-32768": 0.48362720403022663,
      "gemma-7b-it": 0.15384615384615383
    },
    "v2.1-custom1": {
      "llama3-70b-8192": 0.4520547945205479,
      "mixtral-8x7b-32768": 0.4641148325358851,
      "gemma-7b-it": 0.18285714285714283
    },
    "v2.1-custom2": {
      "llama3-70b-8192": 0.4954128440366973,
      "mixtral-8x7b-32768": 0.45089285714285715,
      "gemma-7b-it": 0.18285714285714283
    },
    "v2.1-custom4": {
      "llama3-70b-8192": 0.6423357664233577,
      "mixtral-8x7b-32768": 0.46522781774580335,
      "gemma-7b-it": 0.18285714285714283
    }
  },
  "question_05": {
    "v2.1-unstruct": {
      "llama3-70b-8192": 0.44637681159420295,
      "mixtral-8x7b-32768": 0.4182692307692308,
      "gemma-7b-it": 0.20571428571428568
    },
    "v2.1-md": {
      "llama3-70b-8192": 0.4686468646864686,
      "mixtral-8x7b-32768": 0.4548104956268222,
      "gemma-7b-it": 0.16091954022988506
    },
    "v2.1-json": {
      "llama3-70b-8192": 0.4635761589403974,
      "mixtral-8x7b-32768": 0.45333333333333337,
      "gemma-7b-it": 0.18285714285714288
    },
    "v2.1-html": {
      "llama3-70b-8192": 0.44520547945205474,
      "mixtral-8x7b-32768": 0.4547803617571059,
      "gemma-7b-it": 0.18285714285714288
    },
    "v2.1-custom1": {
      "llama3-70b-8192": 0.4755700325732899,
      "mixtral-8x7b-32768": 0.4641833810888252,
      "gemma-7b-it": 0.18285714285714288
    },
    "v2.1-custom2": {
      "llama3-70b-8192": 0.5229681978798587,
      "mixtral-8x7b-32768": 0.4418604651162791,
      "gemma-7b-it": 0.18285714285714288
    },
    "v2.1-custom4": {
      "llama3-70b-8192": 0.4782608695652174,
      "mixtral-8x7b-32768": 0.40586797066014674,
      "gemma-7b-it": 0.18285714285714288
    }
  },
  "question_06": {
    "v2.1-unstruct": {
      "llama3-70b-8192": 0.4735202492211839,
      "mixtral-8x7b-32768": 0.5493333333333333,
      "gemma-7b-it": 0.232258064516129
    },
    "v2.1-md": {
      "llama3-70b-8192": 0.4788732394366197,
      "mixtral-8x7b-32768": 0.4790419161676647,
      "gemma-7b-it": 0.23863636363636365
    },
    "v2.1-json": {
      "llama3-70b-8192": 0.42580645161290326,
      "mixtral-8x7b-32768": 0.4915254237288136,
      "gemma-7b-it": 0.23863636363636365
    },
    "v2.1-html": {
      "llama3-70b-8192": 0.4575645756457565,
      "mixtral-8x7b-32768": 0.4689265536723164,
      "gemma-7b-it": 0.28248587570621464
    },
    "v2.1-custom1": {
      "llama3-70b-8192": 0.5239852398523984,
      "mixtral-8x7b-32768": 0.43333333333333335,
      "gemma-7b-it": 0.28248587570621464
    },
    "v2.1-custom2": {
      "llama3-70b-8192": 0.4635761589403973,
      "mixtral-8x7b-32768": 0.48022598870056493,
      "gemma-7b-it": 0.23863636363636365
    },
    "v2.1-custom4": {
      "llama3-70b-8192": 0.41401273885350315,
      "mixtral-8x7b-32768": 0.47980997624703076,
      "gemma-7b-it": 0.28409090909090906
    }
  },
  "question_07": {
    "v2.1-unstruct": {
      "llama3-70b-8192": 0.4166666666666667,
      "mixtral-8x7b-32768": 0.4168734491315137,
      "gemma-7b-it": 0.2111111111111111
    },
    "v2.1-md": {
      "llama3-70b-8192": 0.3860759493670886,
      "mixtral-8x7b-32768": 0.4205128205128205,
      "gemma-7b-it": 0.2111111111111111
    },
    "v2.1-json": {
      "llama3-70b-8192": 0.4119601328903654,
      "mixtral-8x7b-32768": 0.378494623655914,
      "gemma-7b-it": 0.2111111111111111
    },
    "v2.1-html": {
      "llama3-70b-8192": 0.4105960264900662,
      "mixtral-8x7b-32768": 0.36496350364963503,
      "gemma-7b-it": 0.2111111111111111
    },
    "v2.1-custom1": {
      "llama3-70b-8192": 0.38461538461538464,
      "mixtral-8x7b-32768": 0.36496350364963503,
      "gemma-7b-it": 0.2111111111111111
    },
    "v2.1-custom2": {
      "llama3-70b-8192": 0.3822525597269625,
      "mixtral-8x7b-32768": 0.44654088050314467,
      "gemma-7b-it": 0.2111111111111111
    },
    "v2.1-custom4": {
      "llama3-70b-8192": 0.4755700325732899,