,llama3-70b-8192,mixtral-8x7b-32768,gemma-7b-it
v2.1-custom4,0.6724137931034482,0.5684931506849316,0.5517241379310346
v2.1-json,0.6790697674418604,0.6148648648648649,0.4799999999999999
v2.1-custom2,0.671875,0.5443037974683543,0.42038216560509556
v2.1-unstruct,0.7214611872146119,0.5827338129496403,0.4966442953020134
v2.1-custom1,0.7423580786026202,0.5612903225806452,0.5405405405405406
v2.1-md,0.6724890829694323,0.5642633228840125,0.5818181818181819
v2.1-html,0.6905829596412556,0.6666666666666665,0.41726618705035967
