,llama3-70b-8192,mixtral-8x7b-32768,gemma-7b-it
v2.1-json,0.4954128440366973,0.45774647887323944,0.3246753246753247
v2.1-custom1,0.6218487394957984,0.4391891891891892,0.452054794520548
v2.1-unstruct,0.41984732824427484,0.4357142857142857,0.3529411764705882
v2.1-custom2,0.4980237154150198,0.4489795918367347,0.3561643835616438
v2.1-custom4,0.4528301886792453,0.4025974025974026,0.3235294117647059
v2.1-md,0.5327510917030568,0.42345276872964177,0.41212121212121217
v2.1-html,0.6098654708520179,0.4429065743944636,0.33121019108280253
