,llama3-70b-8192,mixtral-8x7b-32768,gemma-7b-it
v2.1-custom4,0.6147540983606558,0.4788732394366197,0.3125
v2.1-unstruct,0.6329113924050632,0.5705705705705706,0.4342857142857142
v2.1-md,0.6166666666666667,0.5189504373177842,0.4972972972972973
v2.1-custom1,0.6297872340425533,0.6692307692307692,0.47457627118644063
v2.1-html,0.6239316239316238,0.6283783783783784,0.3270440251572327
v2.1-custom2,0.6666666666666666,0.5862068965517241,0.53125
v2.1-json,0.6506024096385542,0.6423357664233577,0.59
