,question_01,question_02,question_03,question_04,question_05,question_06,question_07,question_08,question_09,question_10
v2.1-unstruct,0.3468208092485549,0.6130653266331658,0.22641509433962262,0.15384615384615383,0.18285714285714288,0.1676646706586826,0.2111111111111111,0.14583333333333331,0.17341040462427748,0.4615384615384615
v2.1-md,0.4842105263157895,0.6130653266331658,0.2891566265060241,0.18285714285714283,0.16091954022988506,0.23863636363636365,0.2111111111111111,0.14583333333333331,0.17341040462427748,0.21761658031088082
v2.1-json,0.45405405405405397,0.6009852216748769,0.36781609195402304,0.15384615384615383,0.18285714285714288,0.28248587570621464,0.2111111111111111,0.14583333333333331,0.17341040462427748,0.20833333333333334
v2.1-html,0.2918918918918919,0.603960396039604,0.2891566265060241,0.15384615384615383,0.18285714285714288,0.28248587570621464,0.2111111111111111,0.14583333333333331,0.17341040462427748,0.21761658031088082
v2.1-custom1,0.4842105263157895,0.6009852216748769,0.46231155778894467,0.18285714285714283,0.18285714285714288,0.28409090909090906,0.2111111111111111,0.14583333333333331,0.17341040462427748,0.20833333333333334
v2.1-custom2,0.2918918918918919,0.6130653266331658,0.3195266272189349,0.18285714285714283,0.18285714285714288,0.28409090909090906,0.2111111111111111,0.14583333333333331,0.2430939226519337,0.21649484536082475
v2.1-custom4,0.2909090909090909,0.6,0.35106382978723405,0.18285714285714283,0.18285714285714288,0.28409090909090906,0.2111111111111111,0.14583333333333331,0.2430939226519337,0.21649484536082475
