{
  "question_01": {
    "v2.1-unstruct": {
      "llama3-70b-8192": 0.7307692307692307,
      "mixtral-8x7b-32768": 0.6174863387978142,
      "gemma-7b-it": 0.3468208092485549
    },
    "v2.1-md": {
      "llama3-70b-8192": 0.6821705426356589,
      "mixtral-8x7b-32768": 0.48456057007125886,
      "gemma-7b-it": 0.4842105263157895
    },
    "v2.1-json": {
      "llama3-70b-8192": 0.7068273092369477,
      "mixtral-8x7b-32768": 0.4957983193277311,
      "gemma-7b-it": 0.45405405405405397
    },
    "v2.1-html": {
      "llama3-70b-8192": 0.6953125000000001,
      "mixtral-8x7b-32768": 0.4948979591836735,
      "gemma-7b-it": 0.2918918918918919
    },
    "v2.1-custom1": {
      "llama3-70b-8192": 0.7244094488188977,
      "mixtral-8x7b-32768": 0.5772151898734178,
      "gemma-7b-it": 0.4842105263157895
    },
    "v2.1-custom2": {
      "llama3-70b-8192": 0.7114624505928855,
      "mixtral-8x7b-32768": 0.5490196078431372,
      "gemma-7b-it": 0.2918918918918919
    },
    "v2.1-custom4": {
      "llama3-70b-8192": 0.7749077490774908,
      "mixtral-8x7b-32768": 0.43705463182897863,
      "gemma-7b-it": 0.2909090909090909
    }
  },
  "question_02": {
    "v2.1-unstruct": {
      "llama3-70b-8192": 0.6774193548387097,
      "mixtral-8x7b-32768": 0.5172413793103448,
      "gemma-7b-it": 0.6130653266331658
    },
    "v2.1-md": {
      "llama3-70b-8192": 0.6754385964912281,
      "mixtral-8x7b-32768": 0.5131195335276968,
      "gemma-7b-it": 0.6130653266331658
    },
    "v2.1-json": {
      "llama3-70b-8192": 0.7037037037037037,
      "mixtral-8x7b-32768": 0.4721485411140583,
      "gemma-7b-it": 0.6009852216748769
    },
    "v2.1-html": {
      "llama3-70b-8192": 0.7234042553191491,
      "mixtral-8x7b-32768": 0.5207756232686981,
      "gemma-7b-it": 0.603960396039604
    },
    "v2.1-custom1": {
      "llama3-70b-8192": 0.7031963470319635,
      "mixtral-8x7b-32768": 0.47058823529411764,
      "gemma-7b-it": 0.6009852216748769
    },
    "v2.1-custom2": {
      "llama3-70b-8192": 0.6877828054298643,
      "mixtral-8x7b-32768": 0.5590062111801242,
      "gemma-7b-it": 0.6130653266331658
    },
    "v2.1-custom4": {
      "llama3-70b-8192": 0.7090909090909091,
      "mixtral-8x7b-32768": 0.5042492917847025,
      "gemma-7b-it": 0.6
    }
  },
  "question_03": {
    "v2.1-unstruct": {
      "llama3-70b-8192": 0.6747967479674797,
      "mixtral-8x7b-32768": 0.6363636363636364,
      "gemma-7b-it": 0.22641509433962262
    },
    "v2.1-md": {
      "llama3-70b-8192": 0.6213592233009708,
      "mixtral-8x7b-32768": 0.6619217081850534,
      "gemma-7b-it": 0.2891566265060241
    },
    "v2.1-json": {
      "llama3-70b-8192": 0.6693227091633467,
      "mixtral-8x7b-32768": 0.6135693215339233,
      "gemma-7b-it": 0.36781609195402304
    },
    "v2.1-html": {
      "llama3-70b-8192": 0.6610878661087866,
      "mixtral-8x7b-32768": 0.6559485530546624,
      "gemma-7b-it": 0.2891566265060241
    },
    "v2.1-custom1": {
      "llama3-70b-8192": 0.6474820143884892,
      "mixtral-8x7b-32768": 0.6555183946488294,
      "gemma-7b-it": 0.46231155778894467
    },
    "v2.1-custom2": {
      "llama3-70b-8192": 0.6610878661087866,
      "mixtral-8x7b-32768": 0.6798679867986799,
      "gemma-7b-it": 0.3195266272189349
    },
    "v2.1-custom4": {
      "llama3-70b-8192": 0.6621621621621622,
      "mixtral-8x7b-32768": 0.509090909090909,
      "gemma-7b-it": 0.35106382978723405
    }
  },
  "question_04": {
    "v2.1-unstruct": {
      "llama3-70b-8192": 0.49645390070921985,
      "mixtral-8x7b-32768": 0.4779220779220779,
      "gemma-7b-it": 0.15384615384615383
    },
    "v2.1-md": {
      "llama3-70b-8192": 0.5394736842105263,
      "mixtral-8x7b-32768": 0.375,
      "gemma-7b-it": 0.18285714285714283
    },
    "v2.1-json": {
      "llama3-70b-8192": 0.506578947368421,
      "mixtral-8x7b-32768": 0.429245283018868,
      "gemma-7b-it": 0.15384615384615383
    },
    "v2.1-html": {
      "llama3-70b-8192": 0.5454545454545455,
      "mixtral-8x7b-32768": 0.4932975871313673,
      "gemma-7b-it": 0.15384615384615383
    },
    "v2.1-custom1": {
      "llama3-70b-8192": 0.4668989547038328,
      "mixtral-8x7b-32768": 0.4792176039119804,
      "gemma-7b-it": 0.18285714285714283
    },
    "v2.1-custom2": {
      "llama3-70b-8192": 0.5168539325842697,
      "mixtral-8x7b-32768": 0.45161290322580644,
      "gemma-7b-it": 0.18285714285714283
    },
    "v2.1-custom4": {
      "llama3-70b-8192": 0.6373626373626374,
      "mixtral-8x7b-32768": 0.453125,
      "gemma-7b-it": 0.18285714285714283
    }
  },
  "question_05": {
    "v2.1-unstruct": {
      "llama3-70b-8192": 0.48562300319488816,
      "mixtral-8x7b-32768": 0.4444444444444444,
      "gemma-7b-it": 0.18285714285714288
    },
    "v2.1-md": {
      "llama3-70b-8192": 0.4807692307692308,
      "mixtral-8x7b-32768": 0.47249190938511326,
      "gemma-7b-it": 0.16091954022988506
    },
    "v2.1-json": {
      "llama3-70b-8192": 0.4522292993630573,
      "mixtral-8x7b-32768": 0.4383561643835616,
      "gemma-7b-it": 0.18285714285714288
    },
    "v2.1-html": {
      "llama3-70b-8192": 0.4657534246575343,
      "mixtral-8x7b-32768": 0.441340782122905,
      "gemma-7b-it": 0.18285714285714288
    },
    "v2.1-custom1": {
      "llama3-70b-8192": 0.4764890282131661,
      "mixtral-8x7b-32768": 0.4088397790055249,
      "gemma-7b-it": 0.18285714285714288
    },
    "v2.1-custom2": {
      "llama3-70b-8192": 0.5244755244755244,
      "mixtral-8x7b-32768": 0.40449438202247184,
      "gemma-7b-it": 0.18285714285714288
    },
    "v2.1-custom4": {
      "llama3-70b-8192": 0.5187319884726226,
      "mixtral-8x7b-32768": 0.44552058111380144,
      "gemma-7b-it": 0.18285714285714288
    }
  },
  "question_06": {
    "v2.1-unstruct": {
      "llama3-70b-8192": 0.5124555160142348,
      "mixtral-8x7b-32768": 0.5664335664335663,
      "gemma-7b-it": 0.1676646706586826
    },
    "v2.1-md": {
      "llama3-70b-8192": 0.4429065743944637,
      "mixtral-8x7b-32768": 0.4304461942257218,
      "gemma-7b-it": 0.23863636363636365
    },
    "v2.1-json": {
      "llama3-70b-8192": 0.4984984984984984,
      "mixtral-8x7b-32768": 0.45544554455445546,
      "gemma-7b-it": 0.28248587570621464
    },
    "v2.1-html": {
      "llama3-70b-8192": 0.48648648648648646,
      "mixtral-8x7b-32768": 0.5203761755485893,
      "gemma-7b-it": 0.28248587570621464
    },
    "v2.1-custom1": {
      "llama3-70b-8192": 0.5243445692883895,
      "mixtral-8x7b-32768": 0.3924050632911392,
      "gemma-7b-it": 0.28409090909090906
    },
    "v2.1-custom2": {
      "llama3-70b-8192": 0.4280701754385965,
      "mixtral-8x7b-32768": 0.4293785310734463,
      "gemma-7b-it": 0.28409090909090906
    },
    "v2.1-custom4": {
      "llama3-70b-8192": 0.43125,
      "mixtral-8x7b-32768": 0.4444444444444444,
      "gemma-7b-it": 0.28409090909090906
    }
  },
  "question_07": {
    "v2.1-unstruct": {
      "llama3-70b-8192": 0.3762376237623762,
      "mixtral-8x7b-32768": 0.3366834170854271,
      "gemma-7b-it": 0.2111111111111111
    },
    "v2.1-md": {
      "llama3-70b-8192": 0.4203389830508475,
      "mixtral-8x7b-32768": 0.39050131926121373,
      "gemma-7b-it": 0.2111111111111111
    },
    "v2.1-json": {
      "llama3-70b-8192": 0.42367601246105924,
      "mixtral-8x7b-32768": 0.434065934065934,
      "gemma-7b-it": 0.2111111111111111
    },
    "v2.1-html": {
      "llama3-70b-8192": 0.4115755627009647,
      "mixtral-8x7b-32768": 0.3585858585858586,
      "gemma-7b-it": 0.2111111111111111
    },
    "v2.1-custom1": {
      "llama3-70b-8192": 0.38461538461538464,
      "mixtral-8x7b-32768": 0.3709677419354838,
      "gemma-7b-it": 0.2111111111111111
    },
    "v2.1-custom2": {
      "llama3-70b-8192": 0.3678929765886288,
      "mixtral-8x7b-32768": 0.4210526315789474,
      "gemma-7b-it": 0.2111111111111111
    },
    "v2.1-custom4": {
      "llama3-70b-8192": 0.5517241379310345,
      "mixtral-8x7b-32768": 0.40601503759398494,