,llama3-70b-8192,mixtral-8x7b-32768,gemma-7b-it
v2.1-md,0.4807692307692308,0.47249190938511326,0.16091954022988506
v2.1-custom4,0.5187319884726226,0.44552058111380144,0.18285714285714288
v2.1-json,0.4522292993630573,0.4383561643835616,0.18285714285714288
v2.1-custom1,0.4764890282131661,0.4088397790055249,0.18285714285714288
v2.1-custom2,0.5244755244755244,0.40449438202247184,0.18285714285714288
v2.1-unstruct,0.48562300319488816,0.4444444444444444,0.18285714285714288
v2.1-html,0.4657534246575343,0.441340782122905,0.18285714285714288
