{
  "question_36": {
    "v2.1-unstruct": {
      "llama3-70b-8192": 0.6329113924050632,
      "mixtral-8x7b-32768": 0.5705705705705706,
      "gemma-7b-it": 0.4342857142857142
    },
    "v2.1-md": {
      "llama3-70b-8192": 0.6166666666666667,
      "mixtral-8x7b-32768": 0.5189504373177842,
      "gemma-7b-it": 0.4972972972972973
    },
    "v2.1-json": {
      "llama3-70b-8192": 0.6506024096385542,
      "mixtral-8x7b-32768": 0.6423357664233577,
      "gemma-7b-it": 0.59
    },
    "v2.1-html": {
      "llama3-70b-8192": 0.6239316239316238,
      "mixtral-8x7b-32768": 0.6283783783783784,
      "gemma-7b-it": 0.3270440251572327
    },
    "v2.1-custom1": {
      "llama3-70b-8192": 0.6297872340425533,
      "mixtral-8x7b-32768": 0.6692307692307692,
      "gemma-7b-it": 0.47457627118644063
    },
    "v2.1-custom2": {
      "llama3-70b-8192": 0.6666666666666666,
      "mixtral-8x7b-32768": 0.5862068965517241,
      "gemma-7b-it": 0.53125
    },
    "v2.1-custom4": {
      "llama3-70b-8192": 0.6147540983606558,
      "mixtral-8x7b-32768": 0.4788732394366197,
      "gemma-7b-it": 0.3125
    }
  },
  "question_37": {
    "v2.1-unstruct": {
      "llama3-70b-8192": 0.5962264150943397,
      "mixtral-8x7b-32768": 0.5542168674698795,
      "gemma-7b-it": 0.2560975609756097
    },
    "v2.1-md": {
      "llama3-70b-8192": 0.6050420168067226,
      "mixtral-8x7b-32768": 0.652892561983471,
      "gemma-7b-it": 0.36363636363636365
    },
    "v2.1-json": {
      "llama3-70b-8192": 0.6585365853658537,
      "mixtral-8x7b-32768": 0.6063348416289592,
      "gemma-7b-it": 0.380952380952381
    },
    "v2.1-html": {
      "llama3-70b-8192": 0.5800865800865801,
      "mixtral-8x7b-32768": 0.6218487394957983,
      "gemma-7b-it": 0.2142857142857143
    },
    "v2.1-custom1": {
      "llama3-70b-8192": 0.6694214876033057,
      "mixtral-8x7b-32768": 0.6846153846153846,
      "gemma-7b-it": 0.1904761904761905
    },
    "v2.1-custom2": {
      "llama3-70b-8192": 0.6437768240343348,
      "mixtral-8x7b-32768": 0.5787965616045844,
      "gemma-7b-it": 0.22485207100591714
    },
    "v2.1-custom4": {
      "llama3-70b-8192": 0.653225806451613,
      "mixtral-8x7b-32768": 0.46601941747572806,
      "gemma-7b-it": 0.21301775147928997
    }
  },
  "question_38": {
    "v2.1-unstruct": {
      "llama3-70b-8192": 0.4000000000000001,
      "mixtral-8x7b-32768": 0.43391521197007477,
      "gemma-7b-it": 0.4461538461538461
    },
    "v2.1-md": {
      "llama3-70b-8192": 0.6466165413533834,
      "mixtral-8x7b-32768": 0.611111111111111,
      "gemma-7b-it": 0.44239631336405527
    },
    "v2.1-json": {
      "llama3-70b-8192": 0.6821192052980133,
      "mixtral-8x7b-32768": 0.5492227979274611,
      "gemma-7b-it": 0.564459930313589
    },
    "v2.1-html": {
      "llama3-70b-8192": 0.6231884057971016,
      "mixtral-8x7b-32768": 0.5985037406483791,
      "gemma-7b-it": 0.2617801047120419
    },
    "v2.1-custom1": {
      "llama3-70b-8192": 0.6379928315412187,
      "mixtral-8x7b-32768": 0.5123966942148761,
      "gemma-7b-it": 0.39613526570048313
    },
    "v2.1-custom2": {
      "llama3-70b-8192": 0.6231884057971016,
      "mixtral-8x7b-32768": 0.595,
      "gemma-7b-it": 0.3925233644859813
    },
    "v2.1-custom4": {
      "llama3-70b-8192": 0.6544117647058822,
      "mixtral-8x7b-32768": 0.5958549222797928,
      "gemma-7b-it": 0.2087912087912088
    }
  },
  "question_39": {
    "v2.1-unstruct": {
      "llama3-70b-8192": 0.5415384615384615,
      "mixtral-8x7b-32768": 0.48580441640378547,
      "gemma-7b-it": 0.41148325358851673
    },
    "v2.1-md": {
      "llama3-70b-8192": 0.4900662251655629,
      "mixtral-8x7b-32768": 0.4923857868020305,
      "gemma-7b-it": 0.3963963963963964
    },
    "v2.1-json": {
      "llama3-70b-8192": 0.4919093851132686,
      "mixtral-8x7b-32768": 0.4337349397590361,
      "gemma-7b-it": 0.40566037735849053
    },
    "v2.1-html": {
      "llama3-70b-8192": 0.5100671140939597,
      "mixtral-8x7b-32768": 0.5054945054945055,
      "gemma-7b-it": 0.37914691943127965
    },
    "v2.1-custom1": {
      "llama3-70b-8192": 0.5082508250825082,
      "mixtral-8x7b-32768": 0.4008179959100205,
      "gemma-7b-it": 0.26999999999999996
    },
    "v2.1-custom2": {
      "llama3-70b-8192": 0.49266862170087977,
      "mixtral-8x7b-32768": 0.48275862068965514,
      "gemma-7b-it": 0.3627906976744186
    },
    "v2.1-custom4": {
      "llama3-70b-8192": 0.4548736462093863,
      "mixtral-8x7b-32768": 0.4974619289340102,
      "gemma-7b-it": 0.3584905660377359
    }
  },
  "question_40": {
    "v2.1-unstruct": {
      "llama3-70b-8192": 0.5586206896551723,
      "mixtral-8x7b-32768": 0.43099273607748184,
      "gemma-7b-it": 0.37714285714285717
    },
    "v2.1-md": {
      "llama3-70b-8192": 0.6064139941690962,
      "mixtral-8x7b-32768": 0.4233983286908078,
      "gemma-7b-it": 0.4183673469387755
    },
    "v2.1-json": {
      "llama3-70b-8192": 0.6200000000000001,
      "mixtral-8x7b-32768": 0.41361256544502617,
      "gemma-7b-it": 0.509433962264151
    },
    "v2.1-html": {
      "llama3-70b-8192": 0.596153846153846,
      "mixtral-8x7b-32768": 0.29764065335753176,
      "gemma-7b-it": 0.4840182648401827
    },
    "v2.1-custom1": {
      "llama3-70b-8192": 0.5771812080536913,
      "mixtral-8x7b-32768": 0.4234234234234234,
      "gemma-7b-it": 0.4455958549222798
    },
    "v2.1-custom2": {
      "llama3-70b-8192": 0.5301204819277109,
      "mixtral-8x7b-32768": 0.56973293768546,
      "gemma-7b-it": 0.37714285714285717
    },
    "v2.1-custom4": {
      "llama3-70b-8192": 0.5217391304347826,
      "mixtral-8x7b-32768": 0.5067567567567567,
      "gemma-7b-it": 0.5071770334928231
    }
  },
  "question_41": {
    "v2.1-unstruct": {
      "llama3-70b-8192": 0.703125,
      "mixtral-8x7b-32768": 0.5509641873278237,
      "gemma-7b-it": 0.6956521739130435
    },
    "v2.1-md": {
      "llama3-70b-8192": 0.6518518518518518,
      "mixtral-8x7b-32768": 0.5893416927899687,
      "gemma-7b-it": 0.7120418848167539
    },
    "v2.1-json": {
      "llama3-70b-8192": 0.7489711934156378,
      "mixtral-8x7b-32768": 0.5025906735751295,
      "gemma-7b-it": 0.6850828729281768
    },
    "v2.1-html": {
      "llama3-70b-8192": 0.7114624505928855,
      "mixtral-8x7b-32768": 0.515625,
      "gemma-7b-it": 0.611764705882353
    },
    "v2.1-custom1": {
      "llama3-70b-8192": 0.6887966804979253,
      "mixtral-8x7b-32768": 0.4926829268292682,
      "gemma-7b-it": 0.6440677966101696
    },
    "v2.1-custom2": {
      "llama3-70b-8192": 0.7639484978540773,
      "mixtral-8x7b-32768": 0.5325443786982248,
      "gemma-7b-it": 0.6741573033707865
    },
    "v2.1-custom4": {
      "llama3-70b-8192": 0.7210300429184548,
      "mixtral-8x7b-32768": 0.532967032967033,
      "gemma-7b-it": 0.7135135135135134
    }
  }
}