,llama3-70b-8192,mixtral-8x7b-32768,gemma-7b-it
v2.1-custom4,0.4071428571428571,0.5513196480938416,0.14583333333333331
v2.1-json,0.27192982456140347,0.37054631828978624,0.14583333333333331
v2.1-custom2,0.2734375,0.4336283185840708,0.14583333333333331
v2.1-unstruct,0.2445414847161572,0.3458980044345898,0.14583333333333331
v2.1-custom1,0.46645367412140576,0.48603351955307267,0.14583333333333331
v2.1-md,0.36363636363636365,0.4579124579124579,0.14583333333333331
v2.1-html,0.40880503144654085,0.4,0.14583333333333331
