,llama3-70b-8192,mixtral-8x7b-32768,gemma-7b-it
v2.1-custom4,0.41129032258064513,0.2766990291262136,0.16568047337278108
v2.1-unstruct,0.3622641509433962,0.321285140562249,0.2073170731707317
v2.1-md,0.3949579831932773,0.42975206611570244,0.22727272727272727
v2.1-custom1,0.42975206611570244,0.4230769230769231,0.16666666666666666
v2.1-html,0.38095238095238093,0.4033613445378151,0.16666666666666666
v2.1-custom2,0.47210300429184543,0.3610315186246419,0.16568047337278108
v2.1-json,0.4146341463414634,0.4072398190045249,0.23280423280423285
