,llama3-70b-8192,mixtral-8x7b-32768,gemma-7b-it
v2.1-custom4,0.37748344370860926,0.4203821656050955,0.21118012422360252
v2.1-json,0.3972602739726028,0.3905325443786982,0.3478260869565218
v2.1-custom2,0.4157706093189964,0.34730538922155696,0.22929936305732485
v2.1-unstruct,0.44230769230769235,0.38968481375358166,0.2650602409638554
v2.1-custom1,0.4344569288389514,0.3567567567567567,0.2650602409638554
v2.1-md,0.4413793103448276,0.40771349862258954,0.15384615384615385
v2.1-html,0.33207547169811324,0.36184210526315785,0.2754491017964072
