,llama3-70b-8192,mixtral-8x7b-32768,gemma-7b-it
v2.1-md,0.5898876404494383,0.5274151436031331,0.21761658031088082
v2.1-custom4,0.5921052631578947,0.5265700483091788,0.21649484536082475
v2.1-json,0.4895522388059701,0.47228915662650606,0.20833333333333334
v2.1-custom1,0.6056782334384858,0.48351648351648346,0.20833333333333334
v2.1-custom2,0.5569620253164557,0.5062034739454094,0.21649484536082475
v2.1-unstruct,0.5681818181818181,0.5,0.4615384615384615
v2.1-html,0.5783132530120482,0.6447368421052633,0.21761658031088082
