{
  "question_25": {
    "v2.1-unstruct": {
      "llama3-70b-8192": 0.2685512367491166,
      "mixtral-8x7b-32768": 0.23848238482384823,
      "gemma-7b-it": 0.15204678362573099
    },
    "v2.1-md": {
      "llama3-70b-8192": 0.19808306709265178,
      "mixtral-8x7b-32768": 0.19791666666666669,
      "gemma-7b-it": 0.15116279069767444
    },
    "v2.1-json": {
      "llama3-70b-8192": 0.2275862068965517,
      "mixtral-8x7b-32768": 0.2804232804232804,
      "gemma-7b-it": 0.15204678362573099
    },
    "v2.1-html": {
      "llama3-70b-8192": 0.2007168458781362,
      "mixtral-8x7b-32768": 0.22622107969151672,
      "gemma-7b-it": 0.15204678362573099
    },
    "v2.1-custom1": {
      "llama3-70b-8192": 0.22068965517241382,
      "mixtral-8x7b-32768": 0.22959183673469388,
      "gemma-7b-it": 0.15204678362573099
    },
    "v2.1-custom2": {
      "llama3-70b-8192": 0.21804511278195488,
      "mixtral-8x7b-32768": 0.16363636363636364,
      "gemma-7b-it": 0.15028901734104047
    },
    "v2.1-custom4": {
      "llama3-70b-8192": 0.26989619377162627,
      "mixtral-8x7b-32768": 0.22222222222222224,
      "gemma-7b-it": 0.15204678362573099
    }
  },
  "question_26": {
    "v2.1-unstruct": {
      "llama3-70b-8192": 0.3498349834983498,
      "mixtral-8x7b-32768": 0.32976445396145604,
      "gemma-7b-it": 0.3305785123966942
    },
    "v2.1-md": {
      "llama3-70b-8192": 0.4626334519572953,
      "mixtral-8x7b-32768": 0.37002341920374704,
      "gemma-7b-it": 0.32173913043478264
    },
    "v2.1-json": {
      "llama3-70b-8192": 0.48135593220338985,
      "mixtral-8x7b-32768": 0.30409356725146197,
      "gemma-7b-it": 0.38135593220338987
    },
    "v2.1-html": {
      "llama3-70b-8192": 0.46464646464646464,
      "mixtral-8x7b-32768": 0.3238095238095238,
      "gemma-7b-it": 0.29245283018867924
    },
    "v2.1-custom1": {
      "llama3-70b-8192": 0.4385382059800665,
      "mixtral-8x7b-32768": 0.28758169934640526,
      "gemma-7b-it": 0.3287671232876712
    },
    "v2.1-custom2": {
      "llama3-70b-8192": 0.45182724252491696,
      "mixtral-8x7b-32768": 0.30985915492957744,
      "gemma-7b-it": 0.3177570093457944
    },
    "v2.1-custom4": {
      "llama3-70b-8192": 0.396039603960396,
      "mixtral-8x7b-32768": 0.34347826086956523,
      "gemma-7b-it": 0.3700440528634361
    }
  },
  "question_27": {
    "v2.1-unstruct": {
      "llama3-70b-8192": 0.4338235294117648,
      "mixtral-8x7b-32768": 0.29873417721518986,
      "gemma-7b-it": 0.2111111111111111
    },
    "v2.1-md": {
      "llama3-70b-8192": 0.38661710037174724,
      "mixtral-8x7b-32768": 0.37500000000000006,
      "gemma-7b-it": 0.17045454545454547
    },
    "v2.1-json": {
      "llama3-70b-8192": 0.3333333333333333,
      "mixtral-8x7b-32768": 0.27227722772277224,
      "gemma-7b-it": 0.1758241758241758
    },
    "v2.1-html": {
      "llama3-70b-8192": 0.33691756272401435,
      "mixtral-8x7b-32768": 0.2535885167464115,
      "gemma-7b-it": 0.17045454545454547
    },
    "v2.1-custom1": {
      "llama3-70b-8192": 0.3295880149812734,
      "mixtral-8x7b-32768": 0.34805194805194806,
      "gemma-7b-it": 0.3425925925925926
    },
    "v2.1-custom2": {
      "llama3-70b-8192": 0.3274021352313167,
      "mixtral-8x7b-32768": 0.3928571428571428,
      "gemma-7b-it": 0.21052631578947364
    },
    "v2.1-custom4": {
      "llama3-70b-8192": 0.3741007194244604,
      "mixtral-8x7b-32768": 0.31143552311435524,
      "gemma-7b-it": 0.2755102040816327
    }
  },
  "question_28": {
    "v2.1-unstruct": {
      "llama3-70b-8192": 0.2215568862275449,
      "mixtral-8x7b-32768": 0.2058165548098434,
      "gemma-7b-it": 0.11707317073170731
    },
    "v2.1-md": {
      "llama3-70b-8192": 0.2095808383233533,
      "mixtral-8x7b-32768": 0.22159090909090912,
      "gemma-7b-it": 0.1262135922330097
    },
    "v2.1-json": {
      "llama3-70b-8192": 0.22429906542056074,
      "mixtral-8x7b-32768": 0.2238442822384428,
      "gemma-7b-it": 0.11707317073170731
    },
    "v2.1-html": {
      "llama3-70b-8192": 0.21884498480243159,
      "mixtral-8x7b-32768": 0.19417475728155337,
      "gemma-7b-it": 0.11707317073170731
    },
    "v2.1-custom1": {
      "llama3-70b-8192": 0.21176470588235297,
      "mixtral-8x7b-32768": 0.19834710743801653,
      "gemma-7b-it": 0.11707317073170731
    },
    "v2.1-custom2": {
      "llama3-70b-8192": 0.22006472491909387,
      "mixtral-8x7b-32768": 0.21609195402298853,
      "gemma-7b-it": 0.11707317073170731
    },
    "v2.1-custom4": {
      "llama3-70b-8192": 0.22674418604651161,
      "mixtral-8x7b-32768": 0.2262210796915167,
      "gemma-7b-it": 0.11707317073170731
    }
  }
}