{
  "question_23": {
    "unstructured-io": {
      "llama3-70b-8192": 0.3769968051118211,
      "mixtral-8x7b-32768": 0.24470588235294116,
      "gemma-7b-it": 0.25498007968127495
    }
  },
  "question_24": {
    "unstructured-io": {
      "llama3-70b-8192": 0.3647798742138365,
      "mixtral-8x7b-32768": 0.40148698884758366,
      "gemma-7b-it": 0.37777777777777777
    }
  },
  "question_25": {
    "unstructured-io": {
      "llama3-70b-8192": 0.4219409282700422,
      "mixtral-8x7b-32768": 0.3897058823529412,
      "gemma-7b-it": 0.46445497630331756
    }
  },
  "question_26": {
    "unstructured-io": {
      "llama3-70b-8192": 0.3142857142857143,
      "mixtral-8x7b-32768": 0.255863539445629,
      "gemma-7b-it": 0.27649769585253453
    }
  },
  "question_27": {
    "unstructured-io": {
      "llama3-70b-8192": 0.2637362637362637,
      "mixtral-8x7b-32768": 0.19477434679334918,
      "gemma-7b-it": 0.22115384615384615
    }
  },
  "question_28": {
    "unstructured-io": {
      "llama3-70b-8192": 0.26268656716417915,
      "mixtral-8x7b-32768": 0.23376623376623376,
      "gemma-7b-it": 0.12682926829268293
    }
  },
  "question_29": {
    "unstructured-io": {
      "llama3-70b-8192": 0.41258741258741266,
      "mixtral-8x7b-32768": 0.27710843373493976,
      "gemma-7b-it": 0.42194092827004215
    }
  },
  "question_30": {
    "unstructured-io": {
      "llama3-70b-8192": 0.43421052631578944,
      "mixtral-8x7b-32768": 0.47482014388489213,
      "gemma-7b-it": 0.419047619047619
    }
  },
  "question_31": {
    "unstructured-io": {
      "llama3-70b-8192": 0.23333333333333334,
      "mixtral-8x7b-32768": 0.23188405797101447,
      "gemma-7b-it": 0.21481481481481482
    }
  },
  "question_32": {
    "unstructured-io": {
      "llama3-70b-8192": 0.25153374233128833,
      "mixtral-8x7b-32768": 0.23999999999999996,
      "gemma-7b-it": 0.4147465437788018
    }
  },
  "question_33": {
    "unstructured-io": {
      "llama3-70b-8192": 0.5125000000000001,
      "mixtral-8x7b-32768": 0.4297520661157025,
      "gemma-7b-it": 0.4909090909090909
    }
  }
}