,llama3-70b-8192,mixtral-8x7b-32768,gemma-7b-it
unstructured-io,0.5761316872427984,0.5369649805447471,0.1904761904761905
