,llama3-70b-8192,mixtral-8x7b-32768,gemma-7b-it
v2.1-custom1,0.48492809467473624,0.464367816091954,0.15384615384615383
v2.1-json,0.508659469185785,0.4063745019920319,0.15384615384615383
v2.1-unstruct,0.5961918531840619,0.3625730994152046,0.18285714285714283
v2.1-custom4,0.578163630061246,0.5164556962025316,0.18285714285714283
v2.1-html,0.5375,0.5040650406504065,0.15384615384615383
v2.1-md,0.5140552759371361,0.484988452655889,0.15384615384615383
v2.1-custom2,0.5112359550561798,0.2617801047120419,0.18285714285714283
