,llama3-70b-8192,mixtral-8x7b-32768,gemma-7b-it
v2.1-custom1,0.34722321152978614,0.2564102564102564,0.16184971098265893
v2.1-json,0.23452768729641693,0.243436754176611,0.16184971098265893
v2.1-unstruct,0.391108172105497,0.25,0.16184971098265893
v2.1-custom4,0.31880570409982173,0.20976491862567812,0.1878453038674033
v2.1-html,0.3286954404246884,0.20224719101123598,0.16184971098265893
v2.1-md,0.3873239436619718,0.29015544041450775,0.16184971098265893
v2.1-custom2,0.30455177528506533,0.2797202797202797,0.1878453038674033
