,llama3-70b-8192,mixtral-8x7b-32768,gemma-7b-it
v2.1-custom4,0.31967213114754095,0.3333333333333333,0.1875
v2.1-unstruct,0.3206751054852321,0.4144144144144144,0.2628571428571429
v2.1-md,0.3166666666666667,0.27988338192419826,0.2918918918918919
v2.1-custom1,0.31489361702127666,0.45384615384615384,0.2937853107344633
v2.1-html,0.3162393162393162,0.42567567567567566,0.2138364779874214
v2.1-custom2,0.36947791164658633,0.36551724137931035,0.3020833333333333
v2.1-json,0.3534136546184739,0.49635036496350365,0.31
