,llama3-70b-8192,mixtral-8x7b-32768,gemma-7b-it
v2.1-custom4,0.45794392523364486,0.21649484536082475,0.33802816901408445
v2.1-json,0.4205607476635514,0.22408963585434172,0.3563218390804598
v2.1-custom2,0.36585365853658536,0.2134146341463415,0.3724137931034483
v2.1-unstruct,0.3684210526315789,0.2,0.22222222222222224
v2.1-custom1,0.375,0.254335260115607,0.39160839160839156
v2.1-md,0.3686635944700461,0.20114942528735633,0.3262411347517731
v2.1-html,0.3980099502487562,0.22988505747126436,0.33802816901408445
