,llama3-70b-8192,mixtral-8x7b-32768,gemma-7b-it
v2.1-json,0.6035087719298246,0.580441640378549,0.46486486486486484
v2.1-custom1,0.6363636363636364,0.5578635014836796,0.5081081081081081
v2.1-unstruct,0.6290322580645161,0.5671641791044776,0.5208333333333334
v2.1-custom2,0.6584362139917695,0.5986394557823129,0.5
v2.1-custom4,0.5615384615384615,0.518716577540107,0.5279187817258884
v2.1-md,0.627906976744186,0.5878594249201279,0.5077720207253886
v2.1-html,0.6459143968871595,0.5652173913043479,0.467005076142132
