,llama3-70b-8192,mixtral-8x7b-32768,gemma-7b-it
v2.1-custom4,0.44078947368421056,0.35730858468677495,0.17977528089887643
v2.1-unstruct,0.44285714285714284,0.41445783132530123,0.11834319526627218
v2.1-md,0.44147157190635455,0.2514285714285714,0.11834319526627218
v2.1-custom1,0.4322580645161291,0.37810945273631835,0.11834319526627218
v2.1-html,0.4823151125401929,0.4347826086956522,0.11834319526627218
v2.1-custom2,0.4559270516717325,0.5099150141643061,0.17977528089887643
v2.1-json,0.46874999999999994,0.20731707317073172,0.17977528089887643
