,llama3-70b-8192,mixtral-8x7b-32768,gemma-7b-it
unstructured-io,0.5779816513761468,0.08695652173913043,0.6775956284153005
