,llama3-70b-8192,mixtral-8x7b-32768,gemma-7b-it
v2.1-json,0.27368421052631575,0.2397003745318352,0.17045454545454547
v2.1-custom1,0.22939068100358423,0.25287356321839083,0.192090395480226
v2.1-unstruct,0.22568093385214008,0.29553264604811,0.17142857142857143
v2.1-custom2,0.2105263157894737,0.21965317919075142,0.17045454545454547
v2.1-custom4,0.19931271477663234,0.2774193548387097,0.1818181818181818
v2.1-md,0.1941747572815534,0.2395833333333333,0.17045454545454547
v2.1-html,0.27205882352941174,0.2902208201892744,0.192090395480226
