,llama3-70b-8192,mixtral-8x7b-32768,gemma-7b-it
unstructured-io,0.24161073825503357,0.2506811989100818,0.22831050228310504
