,llama3-70b-8192,mixtral-8x7b-32768,gemma-7b-it,claude-3-opus-20240229,gpt-3.5-turbo
v2.1-custom1,0.6474820143884892,0.6136986301369863,0.335195530726257,0.0,0.0
v2.1-toml,0.6132738523793569,0.513888888888889,0.2359550561797753,0.0,0.0
v2.1-custom2,0.6610878661087866,0.662020905923345,0.2891566265060241,0.0,0.0
v2.1-json,0.64303210531921,0.6287425149700598,0.3508771929824562,0.0,0.0
v2.1-unstruct,0.6477641615644569,0.6417445482866043,0.3825136612021858,0.0,0.0
v2.1-html,0.6610878661087866,0.6580645161290324,0.3195266272189349,0.0,0.0
v2.1-md,0.6576850369485976,0.5317647058823529,0.2891566265060241,0.0,0.0
