,question_01,question_02,question_03,question_04,question_05,question_06,question_07,question_08,question_09,question_10,question_11,question_12,question_13,question_14,question_15,question_16,question_17,question_18,question_19,question_20,question_21,question_22,question_23,question_24,question_25,question_26,question_27,question_28,question_29,question_30,question_31,question_32,question_33,question_34,question_35,question_36,question_37,question_38,question_39,question_40,question_41,question_42,question_43,question_44,question_45,question_46,question_47,question_48,question_49,question_50
unstructured-io,0.2920110192837465,0.36681222707423583,0.3435114503816794,0.2890625,0.2535211267605634,0.25327510917030566,0.32903225806451614,0.26704545454545453,0.3746031746031746,0.3178294573643411,0.23906705539358603,0.39901477832512317,0.22171945701357468,0.2608695652173913,0.45307443365695793,0.25958702064896755,0.381294964028777,0.34507042253521125,0.24786324786324784,0.29192546583850926,0.2578796561604585,0.5350877192982457,0.24470588235294116,0.40148698884758366,0.3897058823529412,0.255863539445629,0.19477434679334918,0.23376623376623376,0.27710843373493976,0.47482014388489213,0.23188405797101447,0.23999999999999996,0.4297520661157025,0.05952380952380953,0.39205955334987597,0.30303030303030304,0.3424124513618677,0.2512820512820513,0.2659574468085106,0.26035502958579876,0.08695652173913043,0.3944636678200692,0.31210191082802546,0.36049382716049383,0.31050228310502287,0.3142857142857143,0.27011494252873564,0.2545454545454545,0.2506811989100818,0.26388888888888895
