{
  "question_36": {
    "v2.1-unstruct": {
      "llama3-70b-8192": 0.3206751054852321,
      "mixtral-8x7b-32768": 0.4144144144144144,
      "gemma-7b-it": 0.2628571428571429
    },
    "v2.1-md": {
      "llama3-70b-8192": 0.3166666666666667,
      "mixtral-8x7b-32768": 0.27988338192419826,
      "gemma-7b-it": 0.2918918918918919
    },
    "v2.1-json": {
      "llama3-70b-8192": 0.3534136546184739,
      "mixtral-8x7b-32768": 0.49635036496350365,
      "gemma-7b-it": 0.31
    },
    "v2.1-html": {
      "llama3-70b-8192": 0.3162393162393162,
      "mixtral-8x7b-32768": 0.42567567567567566,
      "gemma-7b-it": 0.2138364779874214
    },
    "v2.1-custom1": {
      "llama3-70b-8192": 0.31489361702127666,
      "mixtral-8x7b-32768": 0.45384615384615384,
      "gemma-7b-it": 0.2937853107344633
    },
    "v2.1-custom2": {
      "llama3-70b-8192": 0.36947791164658633,
      "mixtral-8x7b-32768": 0.36551724137931035,
      "gemma-7b-it": 0.3020833333333333
    },
    "v2.1-custom4": {
      "llama3-70b-8192": 0.31967213114754095,
      "mixtral-8x7b-32768": 0.3333333333333333,
      "gemma-7b-it": 0.1875
    }
  },
  "question_37": {
    "v2.1-unstruct": {
      "llama3-70b-8192": 0.3622641509433962,
      "mixtral-8x7b-32768": 0.321285140562249,
      "gemma-7b-it": 0.2073170731707317
    },
    "v2.1-md": {
      "llama3-70b-8192": 0.3949579831932773,
      "mixtral-8x7b-32768": 0.42975206611570244,
      "gemma-7b-it": 0.22727272727272727
    },
    "v2.1-json": {
      "llama3-70b-8192": 0.4146341463414634,
      "mixtral-8x7b-32768": 0.4072398190045249,
      "gemma-7b-it": 0.23280423280423285
    },
    "v2.1-html": {
      "llama3-70b-8192": 0.38095238095238093,
      "mixtral-8x7b-32768": 0.4033613445378151,
      "gemma-7b-it": 0.16666666666666666
    },
    "v2.1-custom1": {
      "llama3-70b-8192": 0.42975206611570244,
      "mixtral-8x7b-32768": 0.4230769230769231,
      "gemma-7b-it": 0.16666666666666666
    },
    "v2.1-custom2": {
      "llama3-70b-8192": 0.47210300429184543,
      "mixtral-8x7b-32768": 0.3610315186246419,
      "gemma-7b-it": 0.16568047337278108
    },
    "v2.1-custom4": {
      "llama3-70b-8192": 0.41129032258064513,
      "mixtral-8x7b-32768": 0.2766990291262136,
      "gemma-7b-it": 0.16568047337278108
    }
  }
}