,llama3-70b-8192,mixtral-8x7b-32768,gemma-7b-it
v2.1-custom4,0.36054421768707484,0.3193717277486911,0.12371134020618557
v2.1-json,0.41155234657039713,0.2756892230576441,0.12499999999999999
v2.1-custom2,0.39669421487603307,0.30049261083743845,0.12371134020618557
v2.1-unstruct,0.34234234234234234,0.336322869955157,0.2885572139303483
v2.1-custom1,0.3727810650887574,0.28957528957528955,0.1243523316062176
v2.1-md,0.398876404494382,0.3313953488372093,0.1243523316062176
v2.1-html,0.4044321329639889,0.3350785340314136,0.1243523316062176
