,llama3-70b-8192,mixtral-8x7b-32768,gemma-7b-it
v2.1-custom4,0.3300970873786408,0.22482435597189696,0.2571428571428572
v2.1-json,0.48927038626609437,0.3533834586466166,0.29299363057324845
v2.1-custom2,0.4680851063829787,0.2947976878612717,0.2571428571428572
v2.1-unstruct,0.5066666666666666,0.3720930232558139,0.3142857142857143
v2.1-custom1,0.44933920704845814,0.29842931937172773,0.29299363057324845
v2.1-md,0.4144144144144144,0.34625322997416025,0.29299363057324845
v2.1-html,0.47413793103448276,0.3467741935483871,0.2571428571428572
