,llama3-70b-8192,mixtral-8x7b-32768,gemma-7b-it
v2.1-json,0.7593984962406015,0.5265486725663716,0.3468208092485549
v2.1-custom1,0.7343749999999999,0.4945295404814004,0.4947368421052631
v2.1-unstruct,0.7007299270072992,0.5301204819277109,0.3468208092485549
v2.1-custom2,0.6987951807228916,0.5116279069767441,0.35294117647058826
v2.1-custom4,0.7376425855513308,0.5221674876847291,0.3910614525139665
v2.1-md,0.7364341085271318,0.6039886039886039,0.3468208092485549
v2.1-html,0.6926406926406926,0.5578635014836795,0.31952662721893493
