{
  "question_47": {
    "unstructured-io": {
      "llama3-70b-8192": 0.5792682926829269,
      "mixtral-8x7b-32768": 0.5229885057471264,
      "gemma-7b-it": 0.368
    }
  }
}