,question_01,question_02,question_03
v2.1-unstruct,0.40951934516503563,0.5120560231678298,0.40501775658166167
v2.1-md,0.3903219946340859,0.4681074456260103,0.3466573466773976
v2.1-toml,0.30305126491896917,0.3512425801038119,0.3094291592642278
v2.1-json,0.43318226968120666,0.466114097340151,0.4137138548387762
v2.1-html,0.34111564796088606,0.4284326798270286,0.3919687740508571
v2.1-custom1,0.43555739743058436,0.45441570895440747,0.3650228420615463
v2.1-custom2,0.36831495360907124,0.449248886765615,0.3871788525963958
