,llama3-70b-8192,mixtral-8x7b-32768,gemma-7b-it
v2.1-custom4,0.5119453924914675,0.4189526184538654,0.19895287958115185
v2.1-json,0.46835443037974683,0.39069767441860465,0.21052631578947367
v2.1-custom2,0.5015873015873016,0.43902439024390244,0.2
v2.1-unstruct,0.5448504983388704,0.5667752442996743,0.14364640883977903
v2.1-custom1,0.44137931034482764,0.5038560411311054,0.21052631578947367
v2.1-md,0.5220125786163522,0.45505617977528096,0.2
v2.1-html,0.5047318611987383,0.449678800856531,0.2
