,llama3-70b-8192,mixtral-8x7b-32768,gemma-7b-it
v2.1-custom4,0.37623762376237624,0.26063829787234044,0.18579234972677594
v2.1-json,0.3048780487804878,0.30563002680965146,0.27053140096618356
v2.1-custom2,0.33228840125391856,0.26262626262626265,0.26262626262626265
v2.1-unstruct,0.6346863468634686,0.5495750708215297,0.33636363636363636
v2.1-custom1,0.31417624521072796,0.11688311688311688,0.27225130890052357
v2.1-md,0.3694267515923566,0.31738035264483627,0.3076923076923077
v2.1-html,0.38267148014440433,0.29072681704260656,0.1748633879781421
