,llama3-70b-8192,mixtral-8x7b-32768,gemma-7b-it
unstructured-io,0.41258741258741266,0.27710843373493976,0.42194092827004215
