,llama3-70b-8192,mixtral-8x7b-32768,gemma-7b-it
unstructured-io,0.6209386281588448,0.5954692556634305,0.44680851063829785
