,llama3-70b-8192,mixtral-8x7b-32768,gemma-7b-it,claude-3-opus-20240229,gpt-3.5-turbo
v2.1-json,0.6868254627706227,0.47214854111405835,0.6009852216748769,0.0,0.0
v2.1-unstruct,0.6925927541542345,0.6831275720164609,0.5968586387434555,0.0,0.0
v2.1-html,0.7064526480956501,0.5207756232686981,0.603960396039604,0.0,0.0
v2.1-custom2,0.6778261617062742,0.5590062111801242,0.6130653266331658,0.0,0.0
v2.1-custom1,0.694258233751093,0.47058823529411764,0.6009852216748769,0.0,0.0
v2.1-md,0.6742639206712433,0.5131195335276968,0.6130653266331658,0.0,0.0
v2.1-toml,0.7069767441860465,0.5454545454545455,0.17391304347826086,0.0,0.0
