{
  "question_25": {
    "v2.1-unstruct": {
      "llama3-70b-8192": 0.5159010600706713,
      "mixtral-8x7b-32768": 0.4986449864498645,
      "gemma-7b-it": 0.2690058479532164
    },
    "v2.1-md": {
      "llama3-70b-8192": 0.5175718849840255,
      "mixtral-8x7b-32768": 0.36979166666666663,
      "gemma-7b-it": 0.27906976744186046
    },
    "v2.1-json": {
      "llama3-70b-8192": 0.44137931034482764,
      "mixtral-8x7b-32768": 0.4603174603174603,
      "gemma-7b-it": 0.2690058479532164
    },
    "v2.1-html": {
      "llama3-70b-8192": 0.4587813620071684,
      "mixtral-8x7b-32768": 0.44730077120822626,
      "gemma-7b-it": 0.2690058479532164
    },
    "v2.1-custom1": {
      "llama3-70b-8192": 0.4275862068965517,
      "mixtral-8x7b-32768": 0.45918367346938777,
      "gemma-7b-it": 0.2690058479532164
    },
    "v2.1-custom2": {
      "llama3-70b-8192": 0.42857142857142855,
      "mixtral-8x7b-32768": 0.32727272727272727,
      "gemma-7b-it": 0.27745664739884396
    },
    "v2.1-custom4": {
      "llama3-70b-8192": 0.532871972318339,
      "mixtral-8x7b-32768": 0.3935185185185185,
      "gemma-7b-it": 0.2690058479532164
    }
  }
}