{
  "question_01": {
    "v2.1-unstruct": {
      "llama3-70b-8192": 0.46715328467153283,
      "mixtral-8x7b-32768": 0.3192771084337349,
      "gemma-7b-it": 0.26589595375722547
    },
    "v2.1-md": {
      "llama3-70b-8192": 0.4883720930232558,
      "mixtral-8x7b-32768": 0.433048433048433,
      "gemma-7b-it": 0.26589595375722547
    },
    "v2.1-json": {
      "llama3-70b-8192": 0.4887218045112782,
      "mixtral-8x7b-32768": 0.38495575221238937,
      "gemma-7b-it": 0.26589595375722547
    },
    "v2.1-html": {
      "llama3-70b-8192": 0.4848484848484849,
      "mixtral-8x7b-32768": 0.45103857566765576,
      "gemma-7b-it": 0.27218934911242604
    },
    "v2.1-custom1": {
      "llama3-70b-8192": 0.46875000000000006,
      "mixtral-8x7b-32768": 0.336980306345733,
      "gemma-7b-it": 0.45263157894736844
    },
    "v2.1-custom2": {
      "llama3-70b-8192": 0.5220883534136547,
      "mixtral-8x7b-32768": 0.3674418604651163,
      "gemma-7b-it": 0.29411764705882354
    },
    "v2.1-custom4": {
      "llama3-70b-8192": 0.532319391634981,
      "mixtral-8x7b-32768": 0.32019704433497537,
      "gemma-7b-it": 0.2905027932960894
    }
  }
}