,llama3-70b-8192,mixtral-8x7b-32768,gemma-7b-it
unstructured-io,0.40182648401826476,0.2578796561604585,0.4027777777777778
