,llama3-70b-8192,mixtral-8x7b-32768,gemma-7b-it
v2.1-custom1,0.4385382059800665,0.28758169934640526,0.3287671232876712
v2.1-custom2,0.45182724252491696,0.30985915492957744,0.3177570093457944
v2.1-custom4,0.396039603960396,0.34347826086956523,0.3700440528634361
v2.1-md,0.4626334519572953,0.37002341920374704,0.32173913043478264
v2.1-json,0.48135593220338985,0.30409356725146197,0.38135593220338987
v2.1-unstruct,0.3498349834983498,0.32976445396145604,0.3305785123966942
v2.1-html,0.46464646464646464,0.3238095238095238,0.29245283018867924
