,llama3-70b-8192,mixtral-8x7b-32768,gemma-7b-it
unstructured-io,0.4181184668989547,0.36049382716049383,0.2571428571428572
