,llama3-70b-8192,mixtral-8x7b-32768,gemma-7b-it
v2.1-custom4,0.2463768115942029,0.20537897310513448,0.14857142857142858
v2.1-json,0.2185430463576159,0.20266666666666666,0.14857142857142858
v2.1-custom2,0.2685512367491166,0.20930232558139533,0.14857142857142858
v2.1-unstruct,0.23768115942028983,0.20673076923076925,0.14857142857142858
v2.1-custom1,0.26058631921824105,0.2292263610315186,0.14857142857142858
v2.1-md,0.23102310231023104,0.23323615160349856,0.1264367816091954
v2.1-html,0.1986301369863014,0.21188630490956073,0.14857142857142858
