,llama3-70b-8192,mixtral-8x7b-32768,gemma-7b-it
v2.1-custom4,0.4166666666666667,0.3612565445026178,0.11267605633802817
v2.1-unstruct,0.34334763948497854,0.3648208469055374,0.36477987421383645
v2.1-md,0.3423423423423424,0.3314917127071823,0.15068493150684933
v2.1-custom1,0.33050847457627125,0.3775811209439528,0.11267605633802817
v2.1-html,0.32432432432432434,0.32238805970149254,0.09859154929577464
v2.1-custom2,0.32432432432432434,0.11570247933884298,0.11267605633802817
v2.1-json,0.33050847457627125,0.3890577507598784,0.32258064516129037
