,llama3-70b-8192,mixtral-8x7b-32768,gemma-7b-it
unstructured-io,0.6232876712328768,0.6059113300492611,0.44444444444444436
