,llama3-70b-8192,mixtral-8x7b-32768,gemma-7b-it
v2.1-json,0.3070175438596492,0.14958448753462605,0.36036036036036034
v2.1-custom1,0.28820960698689957,0.20300751879699247,0.2882882882882883
v2.1-unstruct,0.319634703196347,0.20149253731343286,0.24
v2.1-custom2,0.35151515151515145,0.20209059233449478,0.36036036036036034
v2.1-custom4,0.28695652173913044,0.19354838709677422,0.36036036036036034
v2.1-md,0.36548223350253806,0.20817843866171004,0.24
v2.1-html,0.38216560509554137,0.20512820512820518,0.2882882882882883
