,llama3-70b-8192,mixtral-8x7b-32768,gemma-7b-it
v2.1-md,0.49612403100775193,0.3087885985748219,0.4421052631578948
v2.1-custom4,0.47232472324723246,0.2612826603325416,0.2303030303030303
v2.1-json,0.5220883534136547,0.37394957983193283,0.4
v2.1-custom1,0.4645669291338583,0.4,0.4421052631578948
v2.1-custom2,0.5454545454545455,0.3382352941176471,0.22702702702702698
v2.1-unstruct,0.47692307692307695,0.41530054644808745,0.26589595375722547
v2.1-html,0.515625,0.28061224489795916,0.22702702702702698
