,llama3-70b-8192,mixtral-8x7b-32768,gemma-7b-it
v2.1-custom1,0.247557003257329,0.2532299741602067,0.10945273631840796
v2.1-custom2,0.25559105431309903,0.12359550561797752,0.10945273631840796
v2.1-custom4,0.2711864406779661,0.21621621621621623,0.10891089108910891
v2.1-md,0.25903614457831325,0.25102880658436216,0.09999999999999999
v2.1-json,0.23809523809523808,0.13259668508287292,0.09999999999999999
v2.1-unstruct,0.32218844984802425,0.2760290556900727,0.23387096774193553
v2.1-html,0.2682926829268293,0.30403800475059384,0.10050251256281406
