,llama3-70b-8192,mixtral-8x7b-32768,gemma-7b-it
v2.1-custom4,0.5666666666666667,0.406392694063927,0.45128205128205123
v2.1-unstruct,0.5214285714285715,0.48947368421052634,0.5454545454545454
v2.1-md,0.577922077922078,0.41493775933609955,0.4705882352941176
v2.1-custom1,0.5836298932384341,0.4563106796116505,0.42424242424242425
v2.1-html,0.572463768115942,0.41547861507128303,0.35028248587570626
v2.1-custom2,0.5447761194029851,0.4524886877828055,0.38709677419354843
v2.1-json,0.5694444444444444,0.5185185185185185,0.5599999999999999
