,llama3-70b-8192,mixtral-8x7b-32768,gemma-7b-it
unstructured-io,0.5000000000000001,0.48404255319148937,0.3141361256544503
