,llama3-70b-8192,mixtral-8x7b-32768,gemma-7b-it
unstructured-io,0.25098039215686274,0.2512820512820513,0.1965811965811966
