,question_01,question_02,question_03,question_04,question_05,question_06,question_07,question_08,question_09,question_10
v2.1-unstruct,0.6174863387978142,0.5172413793103448,0.6363636363636364,0.4779220779220779,0.4444444444444444,0.5664335664335663,0.3366834170854271,0.4713375796178344,0.4884318766066839,0.5
v2.1-md,0.48456057007125886,0.5131195335276968,0.6619217081850534,0.375,0.47249190938511326,0.4304461942257218,0.39050131926121373,0.428927680798005,0.4312796208530806,0.5274151436031331
v2.1-json,0.4957983193277311,0.4721485411140583,0.6135693215339233,0.429245283018868,0.4383561643835616,0.45544554455445546,0.434065934065934,0.38647342995169076,0.5121293800539084,0.47228915662650606
v2.1-html,0.4948979591836735,0.5207756232686981,0.6559485530546624,0.4932975871313673,0.441340782122905,0.5203761755485893,0.3585858585858586,0.3789954337899543,0.4354430379746835,0.6447368421052633
v2.1-custom1,0.5772151898734178,0.47058823529411764,0.6555183946488294,0.4792176039119804,0.4088397790055249,0.3924050632911392,0.3709677419354838,0.5236768802228413,0.47321428571428575,0.48351648351648346
v2.1-custom2,0.5490196078431372,0.5590062111801242,0.6798679867986799,0.45161290322580644,0.40449438202247184,0.4293785310734463,0.4210526315789474,0.5307443365695793,0.47555555555555556,0.5062034739454094
v2.1-custom4,0.43705463182897863,0.5042492917847025,0.509090909090909,0.453125,0.44552058111380144,0.4444444444444444,0.40601503759398494,0.45789473684210524,0.4876847290640394,0.5265700483091788
