,llama3-70b-8192,mixtral-8x7b-32768,gemma-7b-it
v2.1-custom1,0.41443663925320884,0.26857142857142857,0.19444444444444445
v2.1-json,0.3524812827138408,0.2711864406779661,0.21518987341772153
v2.1-unstruct,0.4453127866446523,0.41044776119402987,0.24489795918367344
v2.1-custom4,0.33100987007193444,0.26912928759894456,0.1931034482758621
v2.1-html,0.3445431195855644,0.3985239852398524,0.19444444444444445
v2.1-md,0.43681113272593164,0.2813455657492355,0.1931034482758621
v2.1-custom2,0.41543489190548016,0.4157706093189965,0.18309859154929578
