,llama3-70b-8192,mixtral-8x7b-32768,gemma-7b-it
unstructured-io,0.3269230769230769,0.2890625,0.17751479289940827
