,llama3-70b-8192,mixtral-8x7b-32768,gemma-7b-it
v2.1-custom1,0.4487179487179487,0.3822843822843824,0.45535714285714285
v2.1-json,0.4559174106440655,0.3171247357293869,0.26666666666666666
v2.1-unstruct,0.4522968197879858,0.46052631578947373,0.32999999999999996
v2.1-custom4,0.45631226522946267,0.37209302325581395,0.43697478991596644
v2.1-html,0.44155317769131003,0.40559440559440557,0.4663677130044843
v2.1-md,0.4565916398713827,0.387409200968523,0.4396551724137931
v2.1-custom2,0.45806451612903226,0.3602771362586606,0.4663677130044843
