,llama3-70b-8192,mixtral-8x7b-32768,gemma-7b-it
v2.1-md,0.4203389830508475,0.39050131926121373,0.2111111111111111
v2.1-custom4,0.5517241379310345,0.40601503759398494,0.2111111111111111
v2.1-json,0.42367601246105924,0.434065934065934,0.2111111111111111
v2.1-custom1,0.38461538461538464,0.3709677419354838,0.2111111111111111
v2.1-custom2,0.3678929765886288,0.4210526315789474,0.2111111111111111
v2.1-unstruct,0.3762376237623762,0.3366834170854271,0.2111111111111111
v2.1-html,0.4115755627009647,0.3585858585858586,0.2111111111111111
