,llama3-70b-8192,mixtral-8x7b-32768,gemma-7b-it
unstructured-io,0.41666666666666663,0.4396135265700483,0.4666666666666667
