,llama3-70b-8192,mixtral-8x7b-32768,gemma-7b-it
v2.1-json,0.36501901140684406,0.2755102040816327,0.3163841807909605
v2.1-custom1,0.36078431372549025,0.2631578947368421,0.26865671641791045
v2.1-unstruct,0.3445378151260504,0.25066666666666665,0.3056768558951965
v2.1-custom2,0.40316205533596844,0.40329218106995884,0.2840909090909091
v2.1-custom4,0.29818181818181816,0.2712933753943218,0.26666666666666666
v2.1-md,0.33884297520661155,0.2770083102493075,0.33149171270718236
v2.1-html,0.42857142857142855,0.297029702970297,0.2840909090909091
