,llama3-70b-8192,mixtral-8x7b-32768,gemma-7b-it
unstructured-io,0.5483870967741935,0.4261363636363636,0.3737373737373737
