,llama3-70b-8192,mixtral-8x7b-32768,gemma-7b-it
v2.1-custom1,0.54233049204201,0.45726495726495725,0.17341040462427748
v2.1-json,0.38653637350705755,0.42482100238663484,0.17341040462427748
v2.1-unstruct,0.586144592396659,0.4305555555555556,0.17341040462427748
v2.1-custom4,0.5304367201426025,0.37974683544303794,0.24309392265193366
v2.1-html,0.5315075206867301,0.44044943820224725,0.17341040462427748
v2.1-md,0.5352112676056338,0.48704663212435234,0.17341040462427748
v2.1-custom2,0.5419857235561324,0.4615384615384616,0.24309392265193366
