,llama3-70b-8192,mixtral-8x7b-32768,gemma-7b-it
v2.1-json,0.3947368421052632,0.2659279778393352,0.4504504504504505
v2.1-custom1,0.4104803493449781,0.3458646616541354,0.41441441441441446
v2.1-unstruct,0.4383561643835616,0.31343283582089554,0.31999999999999995
v2.1-custom2,0.496969696969697,0.29965156794425085,0.4504504504504505
v2.1-custom4,0.3913043478260869,0.34101382488479265,0.4504504504504505
v2.1-md,0.4771573604060914,0.3271375464684015,0.31999999999999995
v2.1-html,0.4713375796178344,0.358974358974359,0.41441441441441446
