{
  "question_01": {
    "v2.1-unstruct": {
      "llama3-70b-8192": 0.5263157894736842,
      "mixtral-8x7b-32768": 0.45177664974619286,
      "gemma-7b-it": 0.26744186046511625
    },
    "v2.1-md": {
      "llama3-70b-8192": 0.46875000000000006,
      "mixtral-8x7b-32768": 0.43181818181818177,
      "gemma-7b-it": 0.26589595375722547
    },
    "v2.1-json": {
      "llama3-70b-8192": 0.5151515151515151,
      "mixtral-8x7b-32768": 0.37394957983193283,
      "gemma-7b-it": 0.4
    },
    "v2.1-html": {
      "llama3-70b-8192": 0.515625,
      "mixtral-8x7b-32768": 0.28061224489795916,
      "gemma-7b-it": 0.22702702702702698
    },
    "v2.1-custom1": {
      "llama3-70b-8192": 0.4645669291338583,
      "mixtral-8x7b-32768": 0.4,
      "gemma-7b-it": 0.4421052631578948
    },
    "v2.1-custom2": {
      "llama3-70b-8192": 0.5396825396825397,
      "mixtral-8x7b-32768": 0.3382352941176471,
      "gemma-7b-it": 0.22702702702702698
    },
    "v2.1-custom4": {
      "llama3-70b-8192": 0.5,
      "mixtral-8x7b-32768": 0.2612826603325416,
      "gemma-7b-it": 0.2303030303030303
    }
  },
  "question_02": {
    "v2.1-unstruct": {
      "llama3-70b-8192": 0.6000000000000001,
      "mixtral-8x7b-32768": 0.5020576131687242,
      "gemma-7b-it": 0.4397905759162304
    },
    "v2.1-md": {
      "llama3-70b-8192": 0.4736842105263158,
      "mixtral-8x7b-32768": 0.39067055393586003,
      "gemma-7b-it": 0.5427135678391959
    },
    "v2.1-json": {
      "llama3-70b-8192": 0.5185185185185186,
      "mixtral-8x7b-32768": 0.3607427055702918,
      "gemma-7b-it": 0.5221674876847291
    },
    "v2.1-html": {
      "llama3-70b-8192": 0.5067873303167421,
      "mixtral-8x7b-32768": 0.37119113573407203,
      "gemma-7b-it": 0.40594059405940597
    },
    "v2.1-custom1": {
      "llama3-70b-8192": 0.5114155251141552,
      "mixtral-8x7b-32768": 0.34759358288770054,
      "gemma-7b-it": 0.5221674876847291
    },
    "v2.1-custom2": {
      "llama3-70b-8192": 0.4977375565610859,
      "mixtral-8x7b-32768": 0.40993788819875776,
      "gemma-7b-it": 0.4522613065326633
    },
    "v2.1-custom4": {
      "llama3-70b-8192": 0.5181818181818182,
      "mixtral-8x7b-32768": 0.38526912181303113,
      "gemma-7b-it": 0.4
    }
  }
}