,llama3-70b-8192,mixtral-8x7b-32768,gemma-7b-it
v2.1-json,0.7037037037037037,0.39416058394160586,0.6009852216748769
v2.1-custom1,0.7031963470319635,0.5460122699386503,0.6009852216748769
v2.1-unstruct,0.6535433070866143,0.4499999999999999,0.6130653266331658
v2.1-custom2,0.6877828054298643,0.4958217270194986,0.6130653266331658
v2.1-custom4,0.7090909090909091,0.5657142857142857,0.6
v2.1-md,0.6754385964912281,0.5138121546961325,0.6130653266331658
v2.1-html,0.7234042553191491,0.5257142857142857,0.603960396039604
