,llama3-70b-8192,mixtral-8x7b-32768,gemma-7b-it
v2.1-md,0.3557046979865772,0.25118483412322273,0.16184971098265893
v2.1-custom4,0.2756410256410256,0.2660098522167488,0.1878453038674033
v2.1-json,0.35962145110410093,0.29110512129380056,0.16184971098265893
v2.1-custom1,0.33663366336633666,0.23660714285714288,0.16184971098265893
v2.1-custom2,0.2925373134328358,0.26666666666666666,0.1878453038674033
v2.1-unstruct,0.3533333333333334,0.2879177377892031,0.16184971098265893
v2.1-html,0.32716049382716045,0.2734177215189873,0.16184971098265893
