,llama3-70b-8192,mixtral-8x7b-32768,gemma-7b-it
unstructured-io,0.35999999999999993,0.36681222707423583,0.32530120481927716
