,llama3-70b-8192,mixtral-8x7b-32768,gemma-7b-it
v2.1-md,0.3289473684210526,0.25,0.1142857142857143
v2.1-custom4,0.4468864468864469,0.2708333333333333,0.1142857142857143
v2.1-json,0.3026315789473684,0.2641509433962264,0.08284023668639053
v2.1-custom1,0.26480836236933797,0.3080684596577017,0.1142857142857143
v2.1-custom2,0.2846441947565543,0.25345622119815664,0.1142857142857143
v2.1-unstruct,0.2978723404255319,0.38961038961038963,0.08284023668639053
v2.1-html,0.2946708463949843,0.30026809651474534,0.08284023668639053
