,question_01,question_02,question_03,question_04,question_05,question_06,question_07,question_08,question_09,question_10
v2.1-unstruct,0.41530054644808745,0.37356321839080464,0.3916083916083916,0.38961038961038963,0.22822822822822822,0.2867132867132867,0.18592964824120603,0.2547770700636943,0.2879177377892031,0.3173913043478261
v2.1-md,0.3087885985748219,0.39067055393586003,0.44128113879003555,0.25,0.2394822006472492,0.23622047244094488,0.20580474934036938,0.20947630922693267,0.25118483412322273,0.3394255874673629
v2.1-json,0.37394957983193283,0.3607427055702918,0.4247787610619469,0.2641509433962264,0.20821917808219179,0.21782178217821785,0.1813186813186813,0.21256038647342995,0.29110512129380056,0.27951807228915665
v2.1-html,0.28061224489795916,0.37119113573407203,0.47588424437299043,0.30026809651474534,0.19553072625698326,0.2570532915360501,0.21212121212121213,0.21004566210045658,0.2734177215189873,0.3618421052631579
v2.1-custom1,0.4,0.34759358288770054,0.48829431438127097,0.3080684596577017,0.22099447513812157,0.2109704641350211,0.16666666666666666,0.2284122562674095,0.23660714285714288,0.3032967032967033
v2.1-custom2,0.3382352941176471,0.40993788819875776,0.4158415841584158,0.25345622119815664,0.20224719101123592,0.2033898305084746,0.2326869806094183,0.2524271844660194,0.26666666666666666,0.2679900744416873
v2.1-custom4,0.2612826603325416,0.38526912181303113,0.32272727272727275,0.2708333333333333,0.2469733656174334,0.21728395061728398,0.20050125313283207,0.22631578947368422,0.2660098522167488,0.33333333333333337
