{
  "question_01": {
    "v2.1-unstruct": {
      "llama3-70b-8192": 0.5263157894736842,
      "mixtral-8x7b-32768": 0.45177664974619286,
      "gemma-7b-it": 0.26744186046511625
    },
    "v2.1-md": {
      "llama3-70b-8192": 0.46875000000000006,
      "mixtral-8x7b-32768": 0.43181818181818177,
      "gemma-7b-it": 0.26589595375722547
    },
    "v2.1-json": {
      "llama3-70b-8192": 0.5151515151515151,
      "mixtral-8x7b-32768": 0.37394957983193283,
      "gemma-7b-it": 0.4
    },
    "v2.1-html": {
      "llama3-70b-8192": 0.515625,
      "mixtral-8x7b-32768": 0.28061224489795916,
      "gemma-7b-it": 0.22702702702702698
    },
    "v2.1-custom1": {
      "llama3-70b-8192": 0.4645669291338583,
      "mixtral-8x7b-32768": 0.4,
      "gemma-7b-it": 0.4421052631578948
    },
    "v2.1-custom2": {
      "llama3-70b-8192": 0.5396825396825397,
      "mixtral-8x7b-32768": 0.3382352941176471,
      "gemma-7b-it": 0.22702702702702698
    },
    "v2.1-custom4": {
      "llama3-70b-8192": 0.5,
      "mixtral-8x7b-32768": 0.2612826603325416,
      "gemma-7b-it": 0.2303030303030303
    }
  },
  "question_02": {
    "v2.1-unstruct": {
      "llama3-70b-8192": 0.6000000000000001,
      "mixtral-8x7b-32768": 0.5020576131687242,
      "gemma-7b-it": 0.4397905759162304
    },
    "v2.1-md": {
      "llama3-70b-8192": 0.4736842105263158,
      "mixtral-8x7b-32768": 0.39067055393586003,
      "gemma-7b-it": 0.5427135678391959
    },
    "v2.1-json": {
      "llama3-70b-8192": 0.5185185185185186,
      "mixtral-8x7b-32768": 0.3607427055702918,
      "gemma-7b-it": 0.5221674876847291
    },
    "v2.1-html": {
      "llama3-70b-8192": 0.5067873303167421,
      "mixtral-8x7b-32768": 0.37119113573407203,
      "gemma-7b-it": 0.40594059405940597
    },
    "v2.1-custom1": {
      "llama3-70b-8192": 0.5114155251141552,
      "mixtral-8x7b-32768": 0.34759358288770054,
      "gemma-7b-it": 0.5221674876847291
    },
    "v2.1-custom2": {
      "llama3-70b-8192": 0.4977375565610859,
      "mixtral-8x7b-32768": 0.40993788819875776,
      "gemma-7b-it": 0.4522613065326633
    },
    "v2.1-custom4": {
      "llama3-70b-8192": 0.5181818181818182,
      "mixtral-8x7b-32768": 0.38526912181303113,
      "gemma-7b-it": 0.4
    }
  },
  "question_03": {
    "v2.1-unstruct": {
      "llama3-70b-8192": 0.41610738255033564,
      "mixtral-8x7b-32768": 0.49844236760124616,
      "gemma-7b-it": 0.30601092896174864
    },
    "v2.1-md": {
      "llama3-70b-8192": 0.44525547445255476,
      "mixtral-8x7b-32768": 0.35782747603833864,
      "gemma-7b-it": 0.24096385542168677
    },
    "v2.1-json": {
      "llama3-70b-8192": 0.4780876494023904,
      "mixtral-8x7b-32768": 0.48024316109422494,
      "gemma-7b-it": 0.3333333333333333
    },
    "v2.1-html": {
      "llama3-70b-8192": 0.4435146443514644,
      "mixtral-8x7b-32768": 0.4740259740259741,
      "gemma-7b-it": 0.24096385542168677
    },
    "v2.1-custom1": {
      "llama3-70b-8192": 0.460431654676259,
      "mixtral-8x7b-32768": 0.3987138263665595,
      "gemma-7b-it": 0.308411214953271
    },
    "v2.1-custom2": {
      "llama3-70b-8192": 0.4435146443514644,
      "mixtral-8x7b-32768": 0.2968197879858658,
      "gemma-7b-it": 0.27586206896551724
    },
    "v2.1-custom4": {
      "llama3-70b-8192": 0.4406779661016949,
      "mixtral-8x7b-32768": 0.2857142857142857,
      "gemma-7b-it": 0.26595744680851063
    }
  },
  "question_04": {
    "v2.1-unstruct": {
      "llama3-70b-8192": 0.44776119402985076,
      "mixtral-8x7b-32768": 0.23001949317738793,
      "gemma-7b-it": 0.1142857142857143
    },
    "v2.1-md": {
      "llama3-70b-8192": 0.27118644067796605,
      "mixtral-8x7b-32768": 0.23700623700623696,
      "gemma-7b-it": 0.08284023668639053
    },
    "v2.1-json": {
      "llama3-70b-8192": 0.3016393442622951,
      "mixtral-8x7b-32768": 0.2591876208897485,
      "gemma-7b-it": 0.08284023668639053
    },
    "v2.1-html": {
      "llama3-70b-8192": 0.27464788732394363,
      "mixtral-8x7b-32768": 0.36272040302267,
      "gemma-7b-it": 0.08284023668639053
    },
    "v2.1-custom1": {
      "llama3-70b-8192": 0.2534246575342466,
      "mixtral-8x7b-32768": 0.2583732057416268,
      "gemma-7b-it": 0.1142857142857143
    },
    "v2.1-custom2": {
      "llama3-70b-8192": 0.27522935779816515,
      "mixtral-8x7b-32768": 0.2455357142857143,
      "gemma-7b-it": 0.1142857142857143
    },
    "v2.1-custom4": {
      "llama3-70b-8192": 0.4525547445255474,
      "mixtral-8x7b-32768": 0.24940047961630693,
      "gemma-7b-it": 0.1142857142857143
    }
  },
  "question_05": {
    "v2.1-unstruct": {
      "llama3-70b-8192": 0.23768115942028983,
      "mixtral-8x7b-32768": 0.20673076923076925,
      "gemma-7b-it": 0.14857142857142858
    },
    "v2.1-md": {
      "llama3-70b-8192": 0.23102310231023104,
      "mixtral-8x7b-32768": 0.23323615160349856,
      "gemma-7b-it": 0.1264367816091954
    },
    "v2.1-json": {
      "llama3-70b-8192": 0.2185430463576159,
      "mixtral-8x7b-32768": 0.20266666666666666,
      "gemma-7b-it": 0.14857142857142858
    },
    "v2.1-html": {
      "llama3-70b-8192": 0.1986301369863014,
      "mixtral-8x7b-32768": 0.21188630490956073,
      "gemma-7b-it": 0.14857142857142858
    },
    "v2.1-custom1": {
      "llama3-70b-8192": 0.26058631921824105,
      "mixtral-8x7b-32768": 0.2292263610315186,
      "gemma-7b-it": 0.14857142857142858
    },
    "v2.1-custom2": {
      "llama3-70b-8192": 0.2685512367491166,
      "mixtral-8x7b-32768": 0.20930232558139533,
      "gemma-7b-it": 0.14857142857142858
    },
    "v2.1-custom4": {
      "llama3-70b-8192": 0.2463768115942029,
      "mixtral-8x7b-32768": 0.20537897310513448,
      "gemma-7b-it": 0.14857142857142858
    }
  },
  "question_06": {
    "v2.1-unstruct": {
      "llama3-70b-8192": 0.29906542056074764,
      "mixtral-8x7b-32768": 0.23466666666666666,
      "gemma-7b-it": 0.18064516129032257
    },
    "v2.1-md": {
      "llama3-70b-8192": 0.22535211267605632,
      "mixtral-8x7b-32768": 0.2634730538922156,
      "gemma-7b-it": 0.17045454545454547
    },
    "v2.1-json": {
      "llama3-70b-8192": 0.22580645161290322,
      "mixtral-8x7b-32768": 0.27118644067796605,
      "gemma-7b-it": 0.17045454545454547
    },
    "v2.1-html": {
      "llama3-70b-8192": 0.23616236162361623,
      "mixtral-8x7b-32768": 0.21468926553672316,
      "gemma-7b-it": 0.192090395480226
    },
    "v2.1-custom1": {
      "llama3-70b-8192": 0.24354243542435425,
      "mixtral-8x7b-32768": 0.23333333333333334,
      "gemma-7b-it": 0.192090395480226
    },
    "v2.1-custom2": {
      "llama3-70b-8192": 0.25827814569536417,
      "mixtral-8x7b-32768": 0.22033898305084745,
      "gemma-7b-it": 0.17045454545454547
    },
    "v2.1-custom4": {
      "llama3-70b-8192": 0.22929936305732485,
      "mixtral-8x7b-32768": 0.2185273159144893,
      "gemma-7b-it": 0.1818181818181818
    }
  }
}