,llama3-70b-8192,mixtral-8x7b-32768,gemma-7b-it
unstructured-io,0.544776119402985,0.5142857142857142,0.4615384615384615
