{
  "question_23": {
    "unstructured-io": {
      "llama3-70b-8192": 0.3769968051118211,
      "mixtral-8x7b-32768": 0.24470588235294116,
      "gemma-7b-it": 0.25498007968127495
    }
  }
}