,llama3-70b-8192,mixtral-8x7b-32768,gemma-7b-it
v2.1-json,0.48062015503875966,0.3822525597269624,0.31645569620253167
v2.1-custom1,0.592,0.35649546827794565,0.2222222222222222
v2.1-unstruct,0.6602870813397129,0.4013605442176871,0.27210884353741494
v2.1-custom2,0.575,0.4981412639405205,0.22535211267605637
v2.1-custom4,0.5175438596491229,0.33416458852867836,0.23448275862068968
v2.1-md,0.5887445887445888,0.43956043956043955,0.23448275862068968
v2.1-html,0.6000000000000001,0.5955882352941175,0.23611111111111113
