,llama3-70b-8192,mixtral-8x7b-32768,gemma-7b-it
v2.1-custom1,0.6987246824375767,0.5909090909090908,0.3389830508474576
v2.1-json,0.7606134562656303,0.565934065934066,0.36923076923076925
v2.1-unstruct,0.7547647409172127,0.19825708061002179,0.3243243243243243
v2.1-custom4,0.6095199893033828,0.0,0.3626373626373625
v2.1-html,0.712082505440439,0.48936170212765956,0.358695652173913
v2.1-md,0.6967295230132752,0.07947019867549669,0.3715846994535519
v2.1-custom2,0.760655737704918,0.6572237960339943,0.40425531914893614
