,llama3-70b-8192,mixtral-8x7b-32768,gemma-7b-it
v2.1-md,0.6821705426356589,0.48456057007125886,0.4842105263157895
v2.1-custom4,0.7749077490774908,0.43705463182897863,0.2909090909090909
v2.1-json,0.7068273092369477,0.4957983193277311,0.45405405405405397
v2.1-custom1,0.7244094488188977,0.5772151898734178,0.4842105263157895
v2.1-custom2,0.7114624505928855,0.5490196078431372,0.2918918918918919
v2.1-unstruct,0.7307692307692307,0.6174863387978142,0.3468208092485549
v2.1-html,0.6953125000000001,0.4948979591836735,0.2918918918918919
