{
  "question_01": {
    "unstructured-io": {
      "llama3-70b-8192": 0.6920152091254753,
      "mixtral-8x7b-32768": 0.4793388429752066,
      "gemma-7b-it": 0.5114155251141552
    }
  },
  "question_02": {
    "unstructured-io": {
      "llama3-70b-8192": 0.5700000000000001,
      "mixtral-8x7b-32768": 0.5676855895196506,
      "gemma-7b-it": 0.39759036144578314
    }
  },
  "question_03": {
    "unstructured-io": {
      "llama3-70b-8192": 0.6881720430107526,
      "mixtral-8x7b-32768": 0.5648854961832062,
      "gemma-7b-it": 0.29940119760479045
    }
  },
  "question_04": {
    "unstructured-io": {
      "llama3-70b-8192": 0.5384615384615384,
      "mixtral-8x7b-32768": 0.515625,
      "gemma-7b-it": 0.28402366863905326
    }
  },
  "question_05": {
    "unstructured-io": {
      "llama3-70b-8192": 0.45054945054945056,
      "mixtral-8x7b-32768": 0.3450704225352113,
      "gemma-7b-it": 0.38
    }
  },
  "question_06": {
    "unstructured-io": {
      "llama3-70b-8192": 0.5585585585585585,
      "mixtral-8x7b-32768": 0.45414847161572053,
      "gemma-7b-it": 0.232258064516129
    }
  },
  "question_07": {
    "unstructured-io": {
      "llama3-70b-8192": 0.7142857142857144,
      "mixtral-8x7b-32768": 0.5354838709677419,
      "gemma-7b-it": 0.4900000000000001
    }
  },
  "question_08": {
    "unstructured-io": {
      "llama3-70b-8192": 0.5483870967741935,
      "mixtral-8x7b-32768": 0.4261363636363636,
      "gemma-7b-it": 0.3737373737373737
    }
  },
  "question_09": {
    "unstructured-io": {
      "llama3-70b-8192": 0.6846846846846848,
      "mixtral-8x7b-32768": 0.6539682539682541,
      "gemma-7b-it": 0.3870967741935484
    }
  },
  "question_10": {
    "unstructured-io": {
      "llama3-70b-8192": 0.5612648221343873,
      "mixtral-8x7b-32768": 0.5271317829457365,
      "gemma-7b-it": 0.2162162162162162
    }
  },
  "question_11": {
    "unstructured-io": {
      "llama3-70b-8192": 0.45333333333333325,
      "mixtral-8x7b-32768": 0.3906705539358601,
      "gemma-7b-it": 0.2073170731707317
    }
  },
  "question_12": {
    "unstructured-io": {
      "llama3-70b-8192": 0.6232876712328768,
      "mixtral-8x7b-32768": 0.6059113300492611,
      "gemma-7b-it": 0.44444444444444436
    }
  },
  "question_13": {
    "unstructured-io": {
      "llama3-70b-8192": 0.5355648535564853,
      "mixtral-8x7b-32768": 0.334841628959276,
      "gemma-7b-it": 0.42857142857142855
    }
  },
  "question_14": {
    "unstructured-io": {
      "llama3-70b-8192": 0.5656565656565657,
      "mixtral-8x7b-32768": 0.5031055900621119,
      "gemma-7b-it": 0.19895287958115185
    }
  },
  "question_15": {
    "unstructured-io": {
      "llama3-70b-8192": 0.6209386281588448,
      "mixtral-8x7b-32768": 0.5954692556634305,
      "gemma-7b-it": 0.44680851063829785
    }
  },
  "question_16": {
    "unstructured-io": {
      "llama3-70b-8192": 0.47222222222222227,
      "mixtral-8x7b-32768": 0.41887905604719766,
      "gemma-7b-it": 0.3502824858757062
    }
  },
  "question_17": {
    "unstructured-io": {
      "llama3-70b-8192": 0.5051194539249146,
      "mixtral-8x7b-32768": 0.618705035971223,
      "gemma-7b-it": 0.4512820512820513
    }
  },
  "question_18": {
    "unstructured-io": {
      "llama3-70b-8192": 0.4928909952606635,
      "mixtral-8x7b-32768": 0.471830985915493,
      "gemma-7b-it": 0.31645569620253167
    }
  },
  "question_19": {
    "unstructured-io": {
      "llama3-70b-8192": 0.4413145539906103,
      "mixtral-8x7b-32768": 0.40170940170940167,
      "gemma-7b-it": 0.3194444444444444
    }
  },
  "question_20": {
    "unstructured-io": {
      "llama3-70b-8192": 0.5227272727272727,
      "mixtral-8x7b-32768": 0.5590062111801242,
      "gemma-7b-it": 0.34594594594594597
    }
  },
  "question_21": {
    "unstructured-io": {
      "llama3-70b-8192": 0.5753424657534245,
      "mixtral-8x7b-32768": 0.36676217765042984,
      "gemma-7b-it": 0.4722222222222222
    }
  },
  "question_22": {
    "unstructured-io": {
      "llama3-70b-8192": 0.6083650190114068,
      "mixtral-8x7b-32768": 0.6666666666666666,
      "gemma-7b-it": 0.5882352941176471
    }
  },
  "question_23": {
    "unstructured-io": {
      "llama3-70b-8192": 0.6070287539936102,
      "mixtral-8x7b-32768": 0.4752941176470588,
      "gemma-7b-it": 0.4541832669322709
    }
  },
  "question_24": {
    "unstructured-io": {
      "llama3-70b-8192": 0.5723270440251572,
      "mixtral-8x7b-32768": 0.5724907063197026,
      "gemma-7b-it": 0.43333333333333335
    }
  },
  "question_25": {
    "unstructured-io": {
      "llama3-70b-8192": 0.5569620253164557,
      "mixtral-8x7b-32768": 0.49264705882352944,
      "gemma-7b-it": 0.5592417061611374
    }
  },
  "question_26": {
    "unstructured-io": {
      "llama3-70b-8192": 0.6,
      "mixtral-8x7b-32768": 0.46481876332622607,
      "gemma-7b-it": 0.43317972350230416
    }
  },
  "question_27": {
    "unstructured-io": {
      "llama3-70b-8192": 0.5201465201465202,
      "mixtral-8x7b-32768": 0.37529691211401434,
      "gemma-7b-it": 0.3365384615384615
    }
  },
  "question_28": {
    "unstructured-io": {
      "llama3-70b-8192": 0.4895522388059702,
      "mixtral-8x7b-32768": 0.4207792207792208,
      "gemma-7b-it": 0.18536585365853658
    }
  },
  "question_29": {
    "unstructured-io": {
      "llama3-70b-8192": 0.5804195804195805,
      "mixtral-8x7b-32768": 0.40160642570281124,
      "gemma-7b-it": 0.5147679324894515
    }
  },
  "question_30": {
    "unstructured-io": {
      "llama3-70b-8192": 0.5526315789473685,
      "mixtral-8x7b-32768": 0.60431654676259,
      "gemma-7b-it": 0.5142857142857143
    }
  },
  "question_31": {
    "unstructured-io": {
      "llama3-70b-8192": 0.41666666666666663,
      "mixtral-8x7b-32768": 0.4396135265700483,
      "gemma-7b-it": 0.4666666666666667
    }
  },
  "question_32": {
    "unstructured-io": {
      "llama3-70b-8192": 0.5337423312883436,
      "mixtral-8x7b-32768": 0.49500000000000005,
      "gemma-7b-it": 0.5161290322580645
    }
  },
  "question_33": {
    "unstructured-io": {
      "llama3-70b-8192": 0.7624999999999998,
      "mixtral-8x7b-32768": 0.5619834710743802,
      "gemma-7b-it": 0.4909090909090909
    }
  },
   "question_34": {
    "unstructured-io": {
      "llama3-70b-8192": 0.41509433962264153,
      "mixtral-8x7b-32768": 0.05952380952380953,
      "gemma-7b-it": 0.39166666666666666
    }
  },
  "question_35": {
    "unstructured-io": {
      "llama3-70b-8192": 0.6279863481228669,
      "mixtral-8x7b-32768": 0.56575682382134,
      "gemma-7b-it": 0.27225130890052357
    }
  },
  "question_36": {
    "unstructured-io": {
      "llama3-70b-8192": 0.7120000000000001,
      "mixtral-8x7b-32768": 0.47474747474747475,
      "gemma-7b-it": 0.4736842105263158
    }
  },
  "question_37": {
    "unstructured-io": {
      "llama3-70b-8192": 0.5761316872427984,
      "mixtral-8x7b-32768": 0.5369649805447471,
      "gemma-7b-it": 0.1904761904761905
    }
  },
  "question_38": {
    "unstructured-io": {
      "llama3-70b-8192": 0.5176470588235295,
      "mixtral-8x7b-32768": 0.48717948717948717,
      "gemma-7b-it": 0.4188034188034188
    }
  },
  "question_39": {
    "unstructured-io": {
      "llama3-70b-8192": 0.5000000000000001,
      "mixtral-8x7b-32768": 0.48404255319148937,
      "gemma-7b-it": 0.3141361256544503
    }
  },
  "question_40": {
    "unstructured-io": {
      "llama3-70b-8192": 0.46,
      "mixtral-8x7b-32768": 0.4319526627218935,
      "gemma-7b-it": 0.31958762886597936
    }
  },
  "question_41": {
    "unstructured-io": {
      "llama3-70b-8192": 0.7706422018348624,
      "mixtral-8x7b-32768": 0.08695652173913043,
      "gemma-7b-it": 0.6994535519125683
    }
  },
  "question_42": {
    "unstructured-io": {
      "llama3-70b-8192": 0.6519823788546256,
      "mixtral-8x7b-32768": 0.5813148788927336,
      "gemma-7b-it": 0.5411764705882353
    }
  },
  "question_43": {
    "unstructured-io": {
      "llama3-70b-8192": 0.5617977528089887,