,llama3-70b-8192,mixtral-8x7b-32768,gemma-7b-it
v2.1-md,0.2692307692307692,0.2394822006472492,0.1264367816091954
v2.1-custom4,0.23631123919308358,0.2469733656174334,0.14857142857142858
v2.1-json,0.19745222929936304,0.20821917808219179,0.14857142857142858
v2.1-custom1,0.2507836990595611,0.22099447513812157,0.14857142857142858
v2.1-custom2,0.2657342657342657,0.20224719101123592,0.14857142857142858
v2.1-unstruct,0.24920127795527158,0.22822822822822822,0.14857142857142858
v2.1-html,0.1986301369863014,0.19553072625698326,0.14857142857142858
