,llama3-70b-8192,mixtral-8x7b-32768,gemma-7b-it
v2.1-custom4,0.6410256410256411,0.5633074935400517,0.4951456310679611
v2.1-json,0.6642599277978339,0.46934460887949253,0.36666666666666664
v2.1-custom2,0.632258064516129,0.5265588914549654,0.6188340807174887
v2.1-unstruct,0.7067137809187278,0.6842105263157895,0.5399999999999999
v2.1-custom1,0.6366559485530546,0.5268065268065268,0.5982142857142857
v2.1-md,0.6173633440514469,0.5569007263922519,0.6551724137931034
v2.1-html,0.6459143968871596,0.6853146853146853,0.6188340807174887
