,llama3-70b-8192,mixtral-8x7b-32768,gemma-7b-it
v2.1-custom1,0.5453168022428637,0.45959595959595956,0.19209039548022597
v2.1-json,0.5816083642170599,0.42857142857142855,0.27692307692307694
v2.1-unstruct,0.5376147067257847,0.10675381263616557,0.1945945945945946
v2.1-custom4,0.48065249364888346,0.0,0.23076923076923075
v2.1-html,0.5795373672800274,0.3829787234042554,0.2826086956521739
v2.1-md,0.5148622253351456,0.07947019867549669,0.29508196721311475
v2.1-custom2,0.6163934426229509,0.4079320113314448,0.32978723404255317
