,llama3-70b-8192,mixtral-8x7b-32768,gemma-7b-it
v2.1-custom1,0.3906524192864433,0.3555555555555556,0.37551020408163266
v2.1-json,0.39519982856530594,0.29338103756708406,0.3904382470119521
v2.1-unstruct,0.38265359250914344,0.34215885947046837,0.40310077519379844
v2.1-custom4,0.42904290429042896,0.3737864077669903,0.1693548387096774
v2.1-html,0.3896911181089456,0.3111888111888112,0.37551020408163266
v2.1-md,0.3840236523652365,0.38095238095238093,0.4143426294820716
v2.1-custom2,0.39346945235834124,0.3758700696055685,0.39525691699604737
