,llama3-70b-8192,mixtral-8x7b-32768,gemma-7b-it
unstructured-io,0.4219409282700422,0.3897058823529412,0.46445497630331756
