,llama3-70b-8192,mixtral-8x7b-32768,gemma-7b-it
unstructured-io,0.5804195804195805,0.40160642570281124,0.5147679324894515
