,llama3-70b-8192,mixtral-8x7b-32768,gemma-7b-it
v2.1-custom1,0.5005525883237083,0.37946428571428575,0.28248587570621464
v2.1-json,0.44765342960288806,0.5055555555555556,0.23863636363636365
v2.1-unstruct,0.5165811137325669,0.5493333333333333,0.232258064516129
v2.1-custom4,0.4272112417098956,0.42751842751842756,0.28409090909090906
v2.1-html,0.43712804901651764,0.5081967213114754,0.28248587570621464
v2.1-md,0.4944556223100818,0.43733333333333335,0.23863636363636365
v2.1-custom2,0.44097423044791456,0.46783625730994155,0.23863636363636365
