,llama3-70b-8192,mixtral-8x7b-32768,gemma-7b-it
v2.1-json,0.46586345381526106,0.38309859154929576,0.39301310043668125
v2.1-custom1,0.4808362369337979,0.4013605442176871,0.4540540540540541
v2.1-unstruct,0.41964285714285715,0.43930635838150284,0.3963133640552995
v2.1-custom2,0.4180327868852459,0.13953488372093023,0.44351464435146437
v2.1-custom4,0.4621513944223108,0.3767313019390581,0.5083333333333332
v2.1-md,0.5308056872037915,0.3863080684596577,0.502092050209205
v2.1-html,0.5045871559633027,0.13953488372093023,0.4021164021164021
