{
  "question_34": {
    "unstructured-io": {
      "llama3-70b-8192": 0.1949685534591195,
      "mixtral-8x7b-32768": 0.05952380952380953,
      "gemma-7b-it": 0.25
    }
  },
  "question_35": {
    "unstructured-io": {
      "llama3-70b-8192": 0.3822525597269625,
      "mixtral-8x7b-32768": 0.39205955334987597,
      "gemma-7b-it": 0.20942408376963353
    }
  },
  "question_36": {
    "unstructured-io": {
      "llama3-70b-8192": 0.44,
      "mixtral-8x7b-32768": 0.30303030303030304,
      "gemma-7b-it": 0.29473684210526313
    }
  }
}