{
  "question_01": {
    "v2.1-unstruct": 0.39966185025450307,
    "v2.1-md": 0.387462145626757,
    "v2.1-json": 0.43330396859808623,
    "v2.1-html": 0.34275334007476865,
    "v2.1-custom1": 0.4357907016008964,
    "v2.1-custom2": 0.3631341775949619,
    "v2.1-custom4": 0.3213034712942681
  },
  "question_02": {
    "v2.1-unstruct": 0.5120560231678298,
    "v2.1-md": 0.46902277743379056,
    "v2.1-json": 0.4612538731312678,
    "v2.1-html": 0.42862508001942884,
    "v2.1-custom1": 0.460392198562195,
    "v2.1-custom2": 0.45311196185178093,
    "v2.1-custom4": 0.43448364666494976
  },
  "question_03": {
    "v2.1-unstruct": 0.40470783311619685,
    "v2.1-md": 0.3510010292421141,
    "v2.1-json": 0.3821045900866968,
    "v2.1-html": 0.38514217066852235,
    "v2.1-custom1": 0.38910270385090523,
    "v2.1-custom2": 0.3675297464551766,
    "v2.1-custom4": 0.3617427923940326
  },
  "question_04": {
    "v2.1-unstruct": 0.26508203503251127,
    "v2.1-md": 0.22087955849557306,
    "v2.1-json": 0.20270984759992294,
    "v2.1-html": 0.22281440590540028,
    "v2.1-custom1": 0.23508075001374187,
    "v2.1-custom2": 0.19927824482580425,
    "v2.1-custom4": 0.29788575917302723
  },
  "question_05": {
    "v2.1-unstruct": 0.2026406247084022,
    "v2.1-md": 0.1642343611915186,
    "v2.1-json": 0.2003396205045179,
    "v2.1-html": 0.1838106830199401,
    "v2.1-custom1": 0.20274765351677113,
    "v2.1-custom2": 0.21792360287080725,
    "v2.1-custom4": 0.20011027654298028
  },
  "question_06": {
    "v2.1-unstruct": 0.24010555820061028,
    "v2.1-md": 0.21874760753644437,
    "v2.1-json": 0.21716715895416258,
    "v2.1-html": 0.2235253121163552,
    "v2.1-custom1": 0.20902122845669,
    "v2.1-custom2": 0.20964683464683467,
    "v2.1-custom4": 0.20086539897427022
  },
  "question_07": {
    "v2.1-unstruct": 0.1331694787653337,
    "v2.1-md": 0.18985786733969526,
    "v2.1-json": 0.17318974665456066,
    "v2.1-html": 0.19164027830846167,
    "v2.1-custom1": 0.17088284194404746,
    "v2.1-custom2": 0.18120443994335975,
    "v2.1-custom4": 0.18784307162357025
  },
  "question_08": {
    "v2.1-unstruct": 0.155543339903096,
    "v2.1-md": 0.17156998363393713,
    "v2.1-json": 0.1668347778441921,
    "v2.1-html": 0.1861996807173315,
    "v2.1-custom1": 0.1652077800610998,
    "v2.1-custom2": 0.17236410744500844,
    "v2.1-custom4": 0.17509810214533839
  },
  "question_09": {
    "v2.1-unstruct": 0.26765262769605197,
    "v2.1-md": 0.27977636501971287,
    "v2.1-json": 0.21327138415189562,
    "v2.1-html": 0.23093078080619445,
    "v2.1-custom1": 0.25516105964090047,
    "v2.1-custom2": 0.25737245295758276,
    "v2.1-custom4": 0.23880530886430104
  },
  "question_10": {
    "v2.1-unstruct": 0.3273791854042458,
    "v2.1-md": 0.29075959563343684,
    "v2.1-json": 0.2884662089672962,
    "v2.1-html": 0.27705947318904106,
    "v2.1-custom1": 0.28524187354457337,
    "v2.1-custom2": 0.2628834809732686,
    "v2.1-custom4": 0.26295760333341006
  },
  "question_11": {
    "v2.1-unstruct": 0.1850929328302383,
    "v2.1-md": 0.26576034637722756,
    "v2.1-json": 0.24688047890100362,
    "v2.1-html": 0.2292805467585811,
    "v2.1-custom1": 0.21640264102212392,
    "v2.1-custom2": 0.2287355725964091,
    "v2.1-custom4": 0.23086064727963637
  },
  "question_12": {
    "v2.1-unstruct": 0.5287796711205098,
    "v2.1-md": 0.3310090666436576,
    "v2.1-json": 0.29918845055474363,
    "v2.1-html": 0.2838712053420364,
    "v2.1-custom1": 0.23266193030272397,
    "v2.1-custom2": 0.29335015952770904,
    "v2.1-custom4": 0.2726332431203976
  },
  "question_13": {
    "v2.1-unstruct": 0.3976818014027316,
    "v2.1-md": 0.38803700193164037,
    "v2.1-json": 0.3809610424048043,
    "v2.1-html": 0.36769188665740393,
    "v2.1-custom1": 0.36269196327315373,
    "v2.1-custom2": 0.33338685936036394,
    "v2.1-custom4": 0.297442752087474
  },
  "question_14": {
    "v2.1-unstruct": 0.2311082860213999,
    "v2.1-md": 0.20388206830688504,
    "v2.1-json": 0.19797154418250396,
    "v2.1-html": 0.20483010711104757,
    "v2.1-custom1": 0.22637065157660752,
    "v2.1-custom2": 0.22360100793990392,
    "v2.1-custom4": 0.2183086797536592
  },
  "question_15": {
    "v2.1-unstruct": 0.24790983785181075,
    "v2.1-md": 0.35355233557189153,
    "v2.1-json": 0.3289198194428093,
    "v2.1-html": 0.3608534301635151,
    "v2.1-custom1": 0.3220825207547602,
    "v2.1-custom2": 0.3493457430700511,
    "v2.1-custom4": 0.2743341225081491
  },
  "question_16": {
    "v2.1-unstruct": 0.21522710726832842,
    "v2.1-md": 0.1856161520805021,
    "v2.1-json": 0.242008740840463,
    "v2.1-html": 0.22043770990670064,
    "v2.1-custom1": 0.1939291088864469,
    "v2.1-custom2": 0.2118639727810908,
    "v2.1-custom4": 0.1922984355904617
  },
  "question_17": {
    "v2.1-unstruct": 0.41427437852581983,
    "v2.1-md": 0.4278853377512329,
    "v2.1-json": 0.34656960434670636,
    "v2.1-html": 0.4378384320967333,
    "v2.1-custom1": 0.4287864912864913,
    "v2.1-custom2": 0.4282364551307258,
    "v2.1-custom4": 0.421793359467081
  },
  "question_18": {
    "v2.1-unstruct": 0.36688616900745186,
    "v2.1-md": 0.3037533822503431,
    "v2.1-json": 0.2796191989365095,
    "v2.1-html": 0.31250384975662043,
    "v2.1-custom1": 0.29248417075636063,
    "v2.1-custom2": 0.3381013642579242,
    "v2.1-custom4": 0.264414201982247
  }
}