{
  "question_47": {
    "unstructured-io": {
      "llama3-70b-8192": 0.5792682926829269,
      "mixtral-8x7b-32768": 0.5229885057471264,
      "gemma-7b-it": 0.368
    }
  },
  "question_48": {
    "unstructured-io": {
      "llama3-70b-8192": 0.43205574912891986,
      "mixtral-8x7b-32768": 0.39999999999999997,
      "gemma-7b-it": 0.282051282051282
    }
  },
  "question_49": {
    "unstructured-io": {
      "llama3-70b-8192": 0.46308724832214765,
      "mixtral-8x7b-32768": 0.4359673024523161,
      "gemma-7b-it": 0.4109589041095891
    }
  }
}