{
  "question_23": {
    "unstructured-io": {
      "llama3-70b-8192": 0.6070287539936102,
      "mixtral-8x7b-32768": 0.4752941176470588,
      "gemma-7b-it": 0.4541832669322709
    }
  }
}