,llama3-70b-8192,mixtral-8x7b-32768,gemma-7b-it
unstructured-io,0.5612648221343873,0.5271317829457365,0.2162162162162162
