,question_01,question_02,question_03,question_04,question_05,question_06,question_07,question_08,question_09,question_10
v2.1-unstruct,0.7307692307692307,0.6774193548387097,0.6747967479674797,0.49645390070921985,0.48562300319488816,0.5124555160142348,0.3762376237623762,0.3515850144092219,0.5266666666666667,0.5681818181818181
v2.1-md,0.6821705426356589,0.6754385964912281,0.6213592233009708,0.5394736842105263,0.4807692307692308,0.4429065743944637,0.4203389830508475,0.4014336917562724,0.5369127516778524,0.5898876404494383
v2.1-json,0.7068273092369477,0.7037037037037037,0.6693227091633467,0.506578947368421,0.4522292993630573,0.4984984984984984,0.42367601246105924,0.4539877300613497,0.5615141955835962,0.4895522388059701
v2.1-html,0.6953125000000001,0.7234042553191491,0.6610878661087866,0.5454545454545455,0.4657534246575343,0.48648648648648646,0.4115755627009647,0.4114285714285714,0.5308641975308643,0.5783132530120482
v2.1-custom1,0.7244094488188977,0.7031963470319635,0.6474820143884892,0.4668989547038328,0.4764890282131661,0.5243445692883895,0.38461538461538464,0.3533834586466166,0.5478547854785478,0.6056782334384858
v2.1-custom2,0.7114624505928855,0.6877828054298643,0.6610878661087866,0.5168539325842697,0.5244755244755244,0.4280701754385965,0.3678929765886288,0.2934362934362934,0.4955223880597015,0.5569620253164557
v2.1-custom4,0.7749077490774908,0.7090909090909091,0.6621621621621622,0.6373626373626374,0.5187319884726226,0.43125,0.5517241379310345,0.321285140562249,0.5256410256410257,0.5921052631578947
