,llama3-70b-8192,mixtral-8x7b-32768,gemma-7b-it
v2.1-json,0.40418118466898956,0.3795620437956204,0.24516129032258066
v2.1-custom1,0.3794212218649518,0.4128113879003559,0.24050632911392406
v2.1-unstruct,0.47101449275362317,0.2901960784313726,0.24050632911392406
v2.1-custom2,0.35658914728682173,0.2888086642599278,0.25301204819277107
v2.1-custom4,0.43506493506493504,0.4426877470355731,0.24050632911392406
v2.1-md,0.4156862745098039,0.31007751937984496,0.16216216216216217
v2.1-html,0.44081632653061226,0.28813559322033894,0.25301204819277107
