,llama3-70b-8192,mixtral-8x7b-32768,gemma-7b-it
v2.1-json,0.6169491525423728,0.32390745501285345,0.27692307692307694
v2.1-custom1,0.43790849673202614,0.5633802816901408,0.29508196721311475
v2.1-unstruct,0.4657534246575342,0.39408866995073893,0.3805309734513274
v2.1-custom2,0.6105263157894737,0.09271523178807947,0.32978723404255317
v2.1-custom4,0.48920863309352514,0.5589041095890411,0.23076923076923078
v2.1-md,0.6308724832214765,0.36269430051813467,0.29508196721311475
v2.1-html,0.6220735785953178,0.37209302325581395,0.2717391304347826
