,llama3-70b-8192,mixtral-8x7b-32768,gemma-7b-it
unstructured-io,0.23333333333333334,0.23188405797101447,0.21481481481481482
