,llama3-70b-8192,mixtral-8x7b-32768,gemma-7b-it
v2.1-json,0.3188405797101449,0.2857142857142857,0.27053140096618356
v2.1-custom1,0.3219178082191781,0.09210526315789473,0.27225130890052357
v2.1-unstruct,0.3793103448275862,0.30606860158311344,0.28717948717948716
v2.1-custom2,0.3385579937304075,0.2863961813842482,0.26262626262626265
v2.1-custom4,0.38815789473684215,0.23214285714285715,0.18579234972677594
v2.1-md,0.34177215189873417,0.3176178660049628,0.3076923076923077
v2.1-html,0.37583892617449666,0.27753303964757714,0.1748633879781421
