,llama3-70b-8192,mixtral-8x7b-32768,gemma-7b-it
unstructured-io,0.45054945054945056,0.3450704225352113,0.38
