,llama3-70b-8192,mixtral-8x7b-32768,gemma-7b-it
v2.1-custom1,0.5997291530923817,0.40131578947368424,0.4459459459459459
v2.1-json,0.5214706245625592,0.3803680981595092,0.3466666666666667
v2.1-unstruct,0.5662100456621004,0.460431654676259,0.3758389261744967
v2.1-custom4,0.5361361361361362,0.48148148148148157,0.42857142857142855
v2.1-html,0.5280075428864356,0.4398625429553265,0.35294117647058826
v2.1-md,0.5693453733525657,0.2641509433962264,0.3235294117647059
v2.1-custom2,0.5302695873813307,0.37699680511182104,0.27480916030534347
