,llama3-70b-8192,mixtral-8x7b-32768,gemma-7b-it
unstructured-io,0.29670329670329676,0.2535211267605634,0.27999999999999997
