,llama3-70b-8192,mixtral-8x7b-32768,gemma-7b-it
v2.1-custom4,0.3759398496240602,0.29411764705882354,0.24043715846994537
v2.1-unstruct,0.3595505617977528,0.2822384428223844,0.2346938775510204
v2.1-md,0.3722627737226278,0.31034482758620696,0.2285714285714286
v2.1-custom1,0.37722419928825623,0.30434782608695654,0.1954022988505747
v2.1-html,0.37174721189591076,0.3257142857142857,0.24242424242424243
v2.1-custom2,0.35294117647058826,0.2819843342036553,0.24242424242424243
v2.1-json,0.36956521739130427,0.3005464480874317,0.1954022988505747
