,llama3-70b-8192,mixtral-8x7b-32768,gemma-7b-it
v2.1-json,0.5863453815261045,0.47323943661971823,0.5502183406113538
v2.1-custom1,0.5714285714285714,0.5238095238095238,0.5945945945945946
v2.1-unstruct,0.5892857142857142,0.5028901734104047,0.5345622119815667
v2.1-custom2,0.5245901639344263,0.13953488372093023,0.5439330543933053
v2.1-custom4,0.5896414342629482,0.47091412742382266,0.5999999999999999
v2.1-md,0.6635071090047393,0.4400977995110024,0.6192468619246863
v2.1-html,0.6146788990825687,0.13953488372093023,0.5291005291005291
