,llama3-70b-8192,mixtral-8x7b-32768,gemma-7b-it,claude-3-opus-20240229,gpt-3.5-turbo
v2-html,0.7129111726995324,0.6076696165191741,0.3694267515923568,0.0,0.0
v2-custom1,0.7592903828197946,0.43781094527363185,0.3694267515923568,0.0,0.0
v2-json,0.7172081414488262,0.7032967032967035,0.3924050632911393,0.0,0.0
v2-custom2,0.590747330960854,0.6925795053003534,0.3694267515923568,0.0,0.0
v2-md,0.7610619469026548,0.5099009900990099,0.3694267515923568,0.0,0.0
v0-unstruct,0.7330980179201738,0.6381578947368421,0.4210526315789473,0.0,0.0
