,llama3-70b-8192,mixtral-8x7b-32768,gemma-7b-it
v2.1-md,0.2007168458781362,0.20947630922693267,0.09375000000000001
v2.1-custom4,0.15261044176706826,0.22631578947368422,0.09375000000000001
v2.1-json,0.1901840490797546,0.21256038647342995,0.09375000000000001
v2.1-custom1,0.1804511278195489,0.2284122562674095,0.09375000000000001
v2.1-custom2,0.18532818532818535,0.2524271844660194,0.09375000000000001
v2.1-unstruct,0.16138328530259366,0.2547770700636943,0.09375000000000001
v2.1-html,0.22285714285714284,0.21004566210045658,0.09375000000000001
