,llama3-70b-8192,mixtral-8x7b-32768,gemma-7b-it
v2.1-custom4,0.5063291139240507,0.4432717678100265,0.23448275862068968
v2.1-json,0.48062015503875966,0.4180790960451978,0.31645569620253167
v2.1-custom2,0.575,0.5448028673835126,0.22535211267605637
v2.1-unstruct,0.592,0.5895522388059701,0.25850340136054417
v2.1-custom1,0.5039370078740157,0.40571428571428575,0.2222222222222222
v2.1-md,0.592274678111588,0.41590214067278286,0.23448275862068968
v2.1-html,0.45967741935483875,0.5756457564575646,0.23611111111111113
