,llama3-70b-8192,mixtral-8x7b-32768,gemma-7b-it
unstructured-io,0.47222222222222227,0.41887905604719766,0.3502824858757062
