,llama3-70b-8192,mixtral-8x7b-32768,gemma-7b-it,claude-3-opus-20240229,gpt-3.5-turbo
v2-html,0.5246559542430994,0.3873239436619718,0.328042328042328,0.0,0.0
v2-custom1,0.4942954540036711,0.3741935483870968,0.25287356321839083,0.0,0.0
v2-json,0.5376107480837474,0.46808510638297873,0.1818181818181818,0.0,0.0
v2-custom2,0.5187713310580205,0.3795620437956204,0.328042328042328,0.0,0.0
v2-md,0.454694970357621,0.5669781931464174,0.17751479289940822,0.0,0.0
v0-unstruct,0.5384615384615384,0.402930402930403,0.15286624203821655,0.0,0.0
