{
  "question_25": {
    "v2.1-unstruct": {
      "llama3-70b-8192": 0.2685512367491166,
      "mixtral-8x7b-32768": 0.23848238482384823,
      "gemma-7b-it": 0.15204678362573099
    },
    "v2.1-md": {
      "llama3-70b-8192": 0.19808306709265178,
      "mixtral-8x7b-32768": 0.19791666666666669,
      "gemma-7b-it": 0.15116279069767444
    },
    "v2.1-json": {
      "llama3-70b-8192": 0.2275862068965517,
      "mixtral-8x7b-32768": 0.2804232804232804,
      "gemma-7b-it": 0.15204678362573099
    },
    "v2.1-html": {
      "llama3-70b-8192": 0.2007168458781362,
      "mixtral-8x7b-32768": 0.22622107969151672,
      "gemma-7b-it": 0.15204678362573099
    },
    "v2.1-custom1": {
      "llama3-70b-8192": 0.22068965517241382,
      "mixtral-8x7b-32768": 0.22959183673469388,
      "gemma-7b-it": 0.15204678362573099
    },
    "v2.1-custom2": {
      "llama3-70b-8192": 0.21804511278195488,
      "mixtral-8x7b-32768": 0.16363636363636364,
      "gemma-7b-it": 0.15028901734104047
    },
    "v2.1-custom4": {
      "llama3-70b-8192": 0.26989619377162627,
      "mixtral-8x7b-32768": 0.22222222222222224,
      "gemma-7b-it": 0.15204678362573099
    }
  }
}