,llama3-70b-8192,mixtral-8x7b-32768,gemma-7b-it
unstructured-io,0.5482625482625484,0.31050228310502287,0.37948717948717947
