{
  "question_01": {
    "unstructured-io": {
      "llama3-70b-8192": 0.6920152091254753,
      "mixtral-8x7b-32768": 0.4793388429752066,
      "gemma-7b-it": 0.5114155251141552
    }
  },
  "question_02": {
    "unstructured-io": {
      "llama3-70b-8192": 0.5700000000000001,
      "mixtral-8x7b-32768": 0.5676855895196506,
      "gemma-7b-it": 0.39759036144578314
    }
  },
  "question_03": {
    "unstructured-io": {
      "llama3-70b-8192": 0.6881720430107526,
      "mixtral-8x7b-32768": 0.5648854961832062,
      "gemma-7b-it": 0.29940119760479045
    }
  }
}