,llama3-70b-8192,mixtral-8x7b-32768,gemma-7b-it
unstructured-io,0.3822525597269625,0.39205955334987597,0.20942408376963353
