,llama3-70b-8192,mixtral-8x7b-32768,gemma-7b-it
v2.1-json,0.4887218045112782,0.38495575221238937,0.26589595375722547
v2.1-custom1,0.46875000000000006,0.336980306345733,0.45263157894736844
v2.1-unstruct,0.46715328467153283,0.3192771084337349,0.26589595375722547
v2.1-custom2,0.5220883534136547,0.3674418604651163,0.29411764705882354
v2.1-custom4,0.532319391634981,0.32019704433497537,0.2905027932960894
v2.1-md,0.4883720930232558,0.433048433048433,0.26589595375722547
v2.1-html,0.4848484848484849,0.45103857566765576,0.27218934911242604
