,llama3-70b-8192,mixtral-8x7b-32768,gemma-7b-it
unstructured-io,0.5355648535564853,0.334841628959276,0.42857142857142855
