{
  "question_34": {
    "unstructured-io": {
      "llama3-70b-8192": 0.41509433962264153,
      "mixtral-8x7b-32768": 0.05952380952380953,
      "gemma-7b-it": 0.39166666666666666
    }
  },
  "question_35": {
    "unstructured-io": {
      "llama3-70b-8192": 0.6279863481228669,
      "mixtral-8x7b-32768": 0.56575682382134,
      "gemma-7b-it": 0.27225130890052357
    }
  }
}