,llama3-70b-8192,mixtral-8x7b-32768,gemma-7b-it
v2.1-md,0.4014336917562724,0.428927680798005,0.14583333333333331
v2.1-custom4,0.321285140562249,0.45789473684210524,0.14583333333333331
v2.1-json,0.4539877300613497,0.38647342995169076,0.14583333333333331
v2.1-custom1,0.3533834586466166,0.5236768802228413,0.14583333333333331
v2.1-custom2,0.2934362934362934,0.5307443365695793,0.14583333333333331
v2.1-unstruct,0.3515850144092219,0.4713375796178344,0.14583333333333331
v2.1-html,0.4114285714285714,0.3789954337899543,0.14583333333333331
