{
  "question_01": {
    "unstructured-io": {
      "llama3-70b-8192": 0.6920152091254753,
      "mixtral-8x7b-32768": 0.4793388429752066,
      "gemma-7b-it": 0.5114155251141552
    }
  }
}