,llama3-70b-8192,mixtral-8x7b-32768,gemma-7b-it
v2.1-json,0.3625,0.3659574468085106,0.22972972972972971
v2.1-custom1,0.25233644859813087,0.40663900414937765,0.22972972972972971
v2.1-unstruct,0.3173076923076923,0.3459915611814346,0.22972972972972971
v2.1-custom2,0.28025477707006374,0.3008130081300813,0.22818791946308725
v2.1-custom4,0.28155339805825236,0.0,0.22222222222222227
v2.1-md,0.31034482758620685,0.31775700934579443,0.22222222222222227
v2.1-html,0.27906976744186046,0.27027027027027023,0.22972972972972971
