,llama3-70b-8192,mixtral-8x7b-32768,gemma-7b-it
v2.1-custom1,0.4666666666666667,0.43555555555555553,0.4094488188976378
v2.1-custom2,0.4166666666666667,0.5044510385756676,0.4268774703557312
v2.1-custom4,0.5175718849840255,0.3946784922394679,0.4028268551236749
v2.1-md,0.4935897435897436,0.4382284382284382,0.4598540145985402
v2.1-json,0.48902821316614425,0.43814432989690716,0.4598540145985402
v2.1-unstruct,0.5324232081911263,0.43939393939393934,0.48275862068965514
v2.1-html,0.513157894736842,0.39429928741092635,0.4326241134751773
