,llama3-70b-8192,mixtral-8x7b-32768,gemma-7b-it
v2.1-custom4,0.41401273885350315,0.47980997624703076,0.28409090909090906
v2.1-json,0.42580645161290326,0.4915254237288136,0.23863636363636365
v2.1-custom2,0.4635761589403973,0.48022598870056493,0.23863636363636365
v2.1-unstruct,0.4735202492211839,0.5493333333333333,0.232258064516129
v2.1-custom1,0.5239852398523984,0.43333333333333335,0.28248587570621464
v2.1-md,0.4788732394366197,0.4790419161676647,0.23863636363636365
v2.1-html,0.4575645756457565,0.4689265536723164,0.28248587570621464
