,llama3-70b-8192,mixtral-8x7b-32768,gemma-7b-it
unstructured-io,0.2954545454545454,0.29192546583850926,0.23783783783783788
