,llama3-70b-8192,mixtral-8x7b-32768,gemma-7b-it
v2.1-custom4,0.5116279069767442,0.0,0.2826086956521739
v2.1-json,0.6190476190476191,0.5470588235294117,0.27692307692307694
v2.1-custom2,0.6219081272084805,0.41379310344827586,0.32978723404255317
v2.1-unstruct,0.5273972602739726,0.3202614379084967,0.1945945945945946
v2.1-custom1,0.6126760563380282,0.27089337175792505,0.23463687150837992
v2.1-md,0.4573378839590444,0.3480392156862745,0.29508196721311475
v2.1-html,0.6220735785953178,0.39673913043478254,0.32978723404255317
