,llama3-70b-8192,mixtral-8x7b-32768,gemma-7b-it
v2.1-json,0.6014492753623187,0.5837563451776651,0.455958549222798
v2.1-custom1,0.7272727272727273,0.5391705069124424,0.5365853658536585
v2.1-unstruct,0.5354330708661417,0.5797101449275361,0.5700934579439252
v2.1-custom2,0.582089552238806,0.6790123456790124,0.31034482758620696
v2.1-custom4,0.6096654275092936,0.55,0.2608695652173913
v2.1-md,0.5925925925925926,0.5279187817258882,0.35028248587570626
v2.1-html,0.5634920634920635,0.5496183206106869,0.33333333333333337
