{
  "question_25": {
    "v2.1-unstruct": {
      "llama3-70b-8192": 0.5159010600706713,
      "mixtral-8x7b-32768": 0.4986449864498645,
      "gemma-7b-it": 0.2690058479532164
    },
    "v2.1-md": {
      "llama3-70b-8192": 0.5175718849840255,
      "mixtral-8x7b-32768": 0.36979166666666663,
      "gemma-7b-it": 0.27906976744186046
    },
    "v2.1-json": {
      "llama3-70b-8192": 0.44137931034482764,
      "mixtral-8x7b-32768": 0.4603174603174603,
      "gemma-7b-it": 0.2690058479532164
    },
    "v2.1-html": {
      "llama3-70b-8192": 0.4587813620071684,
      "mixtral-8x7b-32768": 0.44730077120822626,
      "gemma-7b-it": 0.2690058479532164
    },
    "v2.1-custom1": {
      "llama3-70b-8192": 0.4275862068965517,
      "mixtral-8x7b-32768": 0.45918367346938777,
      "gemma-7b-it": 0.2690058479532164
    },
    "v2.1-custom2": {
      "llama3-70b-8192": 0.42857142857142855,
      "mixtral-8x7b-32768": 0.32727272727272727,
      "gemma-7b-it": 0.27745664739884396
    },
    "v2.1-custom4": {
      "llama3-70b-8192": 0.532871972318339,
      "mixtral-8x7b-32768": 0.3935185185185185,
      "gemma-7b-it": 0.2690058479532164
    }
  },
  "question_26": {
    "v2.1-unstruct": {
      "llama3-70b-8192": 0.6204620462046205,
      "mixtral-8x7b-32768": 0.44111349036402564,
      "gemma-7b-it": 0.5206611570247933
    },
    "v2.1-md": {
      "llama3-70b-8192": 0.6761565836298933,
      "mixtral-8x7b-32768": 0.5480093676814988,
      "gemma-7b-it": 0.47826086956521746
    },
    "v2.1-json": {
      "llama3-70b-8192": 0.6915254237288136,
      "mixtral-8x7b-32768": 0.5906432748538012,
      "gemma-7b-it": 0.5084745762711864
    },
    "v2.1-html": {
      "llama3-70b-8192": 0.6936026936026936,
      "mixtral-8x7b-32768": 0.5095238095238094,
      "gemma-7b-it": 0.4056603773584906
    },
    "v2.1-custom1": {
      "llama3-70b-8192": 0.6578073089700998,
      "mixtral-8x7b-32768": 0.4618736383442266,
      "gemma-7b-it": 0.4566210045662101
    },
    "v2.1-custom2": {
      "llama3-70b-8192": 0.6976744186046512,
      "mixtral-8x7b-32768": 0.48356807511737093,
      "gemma-7b-it": 0.42990654205607476
    },
    "v2.1-custom4": {
      "llama3-70b-8192": 0.5544554455445545,
      "mixtral-8x7b-32768": 0.5217391304347826,
      "gemma-7b-it": 0.4845814977973568
    }
  },
  "question_27": {
    "v2.1-unstruct": {
      "llama3-70b-8192": 0.6397058823529411,
      "mixtral-8x7b-32768": 0.48607594936708864,
      "gemma-7b-it": 0.33333333333333337
    },
    "v2.1-md": {
      "llama3-70b-8192": 0.5724907063197026,
      "mixtral-8x7b-32768": 0.5048076923076924,
      "gemma-7b-it": 0.26136363636363635
    },
    "v2.1-json": {
      "llama3-70b-8192": 0.503030303030303,
      "mixtral-8x7b-32768": 0.46534653465346537,
      "gemma-7b-it": 0.26373626373626374
    },
    "v2.1-html": {
      "llama3-70b-8192": 0.48745519713261654,
      "mixtral-8x7b-32768": 0.46411483253588515,
      "gemma-7b-it": 0.26136363636363635
    },
    "v2.1-custom1": {
      "llama3-70b-8192": 0.5018726591760301,
      "mixtral-8x7b-32768": 0.509090909090909,
      "gemma-7b-it": 0.4722222222222222
    },
    "v2.1-custom2": {
      "llama3-70b-8192": 0.498220640569395,
      "mixtral-8x7b-32768": 0.5255102040816326,
      "gemma-7b-it": 0.3368421052631579
    },
    "v2.1-custom4": {
      "llama3-70b-8192": 0.6115107913669064,
      "mixtral-8x7b-32768": 0.4914841849148419,
      "gemma-7b-it": 0.3775510204081633
    }
  }
}