,llama3-70b-8192,mixtral-8x7b-32768,gemma-7b-it
v2.1-custom4,0.6092715231788081,0.5537757437070937,0.5916666666666667
v2.1-unstruct,0.7094594594594594,0.6773162939297125,0.5407725321888412
v2.1-md,0.7224080267558528,0.5627906976744186,0.509090909090909
v2.1-custom1,0.7407407407407408,0.7225806451612903,0.29743589743589743
v2.1-html,0.5986394557823129,0.6567164179104478,0.5244444444444444
v2.1-custom2,0.7098765432098766,0.5739514348785871,0.38235294117647056
v2.1-json,0.7491638795986623,0.5668202764976958,0.5267857142857143
