,llama3-70b-8192,mixtral-8x7b-32768,gemma-7b-it
v2.1-custom4,0.6576271186440678,0.5156794425087108,0.35106382978723405
v2.1-json,0.6693227091633467,0.6382978723404255,0.36781609195402304
v2.1-custom2,0.6610878661087866,0.5653710247349824,0.3448275862068966
v2.1-unstruct,0.6577181208053692,0.6417445482866043,0.3825136612021858
v2.1-custom1,0.6474820143884892,0.6495176848874599,0.3925233644859813
v2.1-md,0.6496350364963503,0.6070287539936102,0.2891566265060241
v2.1-html,0.6610878661087866,0.6623376623376623,0.2891566265060241
