,llama3-70b-8192,mixtral-8x7b-32768,gemma-7b-it
v2.1-custom4,0.1920529801324503,0.24840764331210188,0.13664596273291924
v2.1-json,0.2328767123287671,0.24260355029585798,0.23913043478260868
v2.1-custom2,0.2078853046594982,0.22754491017964074,0.20382165605095542
v2.1-unstruct,0.23717948717948717,0.23495702005730656,0.1927710843373494
v2.1-custom1,0.2397003745318352,0.2594594594594594,0.1927710843373494
v2.1-md,0.23448275862068968,0.23140495867768596,0.07692307692307693
v2.1-html,0.2037735849056604,0.25,0.19161676646706585
