,llama3-70b-8192,mixtral-8x7b-32768,gemma-7b-it
unstructured-io,0.5700000000000001,0.5676855895196506,0.39759036144578314
