,llama3-70b-8192,mixtral-8x7b-32768,gemma-7b-it
v2.1-custom4,0.5603448275862069,0.4452054794520548,0.45517241379310347
v2.1-json,0.5023255813953489,0.45270270270270274,0.3466666666666667
v2.1-custom2,0.484375,0.38607594936708856,0.3057324840764331
v2.1-unstruct,0.5662100456621004,0.460431654676259,0.37583892617449666
v2.1-custom1,0.646288209606987,0.4,0.4054054054054054
v2.1-md,0.5327510917030568,0.438871473354232,0.4242424242424242
v2.1-html,0.6098654708520179,0.5422222222222223,0.3597122302158273
