,llama3-70b-8192,mixtral-8x7b-32768,gemma-7b-it
v2.1-custom1,0.26,0.22666666666666668,0.2204724409448819
v2.1-custom2,0.24358974358974356,0.24925816023738873,0.24505928853754938
v2.1-custom4,0.24281150159744408,0.221729490022173,0.21201413427561838
v2.1-md,0.24358974358974356,0.2517482517482517,0.21897810218978103
v2.1-json,0.2570532915360501,0.24742268041237114,0.23357664233576644
v2.1-unstruct,0.27303754266211605,0.2626262626262626,0.2375478927203065
v2.1-html,0.2236842105263158,0.2232779097387173,0.22695035460992907
