,llama3-70b-8192,mixtral-8x7b-32768,gemma-7b-it
v2.1-json,0.6437768240343348,0.6495726495726496,0.4713375796178344
v2.1-custom1,0.6079295154185023,0.4956268221574343,0.4713375796178344
v2.1-unstruct,0.6153846153846153,0.4226190476190476,0.4000000000000001
v2.1-custom2,0.6382978723404255,0.45141065830721,0.4000000000000001
v2.1-custom4,0.5288461538461539,0.3839285714285715,0.4000000000000001
v2.1-md,0.6106194690265486,0.47586206896551725,0.4713375796178344
v2.1-html,0.6406926406926408,0.4338624338624339,0.4000000000000001
