,llama3-70b-8192,mixtral-8x7b-32768,gemma-7b-it
unstructured-io,0.46308724832214765,0.4359673024523161,0.4109589041095891
