,llama3-70b-8192,mixtral-8x7b-32768,gemma-7b-it
v2.1-custom4,0.3104693140794224,0.25888324873096447,0.2358490566037736
v2.1-unstruct,0.31384615384615383,0.27129337539432175,0.27751196172248804
v2.1-md,0.2781456953642384,0.28426395939086296,0.27027027027027023
v2.1-custom1,0.2904290429042904,0.24948875255623726,0.19999999999999998
v2.1-html,0.2885906040268456,0.2747252747252747,0.2559241706161137
v2.1-custom2,0.2991202346041056,0.28116710875331563,0.23255813953488372
v2.1-json,0.3300970873786408,0.25060240963855424,0.2641509433962264
