,llama3-70b-8192,mixtral-8x7b-32768,gemma-7b-it
unstructured-io,0.46387832699619774,0.2920110192837465,0.42922374429223736
