,llama3-70b-8192,mixtral-8x7b-32768,gemma-7b-it
v2.1-custom4,0.6423357664233577,0.46522781774580335,0.18285714285714283
v2.1-json,0.478688524590164,0.39845261121856873,0.15384615384615383
v2.1-custom2,0.4954128440366973,0.45089285714285715,0.18285714285714283
v2.1-unstruct,0.5820895522388061,0.36257309941520466,0.18285714285714283
v2.1-custom1,0.4520547945205479,0.4641148325358851,0.18285714285714283
v2.1-md,0.5016949152542373,0.4573804573804574,0.15384615384615383
v2.1-html,0.49295774647887325,0.48362720403022663,0.15384615384615383
