,llama3-70b-8192,mixtral-8x7b-32768,gemma-7b-it
unstructured-io,0.5569620253164557,0.49264705882352944,0.5592417061611374
