{
  "question_01": {
    "v2.1-unstruct": 0.39966185025450307,
    "v2.1-md": 0.387462145626757,
    "v2.1-json": 0.43330396859808623,
    "v2.1-html": 0.34275334007476865,
    "v2.1-custom1": 0.4357907016008964,
    "v2.1-custom2": 0.3631341775949619,
    "v2.1-custom4": 0.3213034712942681
  },
  "question_02": {
    "v2.1-unstruct": 0.5120560231678298,
    "v2.1-md": 0.46902277743379056,
    "v2.1-json": 0.4612538731312678,
    "v2.1-html": 0.42862508001942884,
    "v2.1-custom1": 0.460392198562195,
    "v2.1-custom2": 0.45311196185178093,
    "v2.1-custom4": 0.43448364666494976
  },
  "question_03": {
    "v2.1-unstruct": 0.40470783311619685,
    "v2.1-md": 0.3510010292421141,
    "v2.1-json": 0.3821045900866968,
    "v2.1-html": 0.38514217066852235,
    "v2.1-custom1": 0.38910270385090523,
    "v2.1-custom2": 0.3675297464551766,
    "v2.1-custom4": 0.3617427923940326
  }
}