,llama3-70b-8192,mixtral-8x7b-32768,gemma-7b-it
unstructured-io,0.41509433962264153,0.05952380952380953,0.39166666666666666
