,llama3-70b-8192,mixtral-8x7b-32768,gemma-7b-it
v2.1-custom4,0.256578947368421,0.19489559164733178,0.11235955056179775
v2.1-unstruct,0.2571428571428571,0.20722891566265061,0.0710059171597633
v2.1-md,0.24749163879598662,0.19428571428571428,0.0710059171597633
v2.1-custom1,0.24516129032258066,0.24378109452736316,0.0710059171597633
v2.1-html,0.26366559485530544,0.21118012422360247,0.0710059171597633
v2.1-custom2,0.2492401215805471,0.29461756373937675,0.11235955056179775
v2.1-json,0.25625,0.19512195121951223,0.11235955056179775
