,llama3-70b-8192,mixtral-8x7b-32768,gemma-7b-it
unstructured-io,0.31343283582089554,0.3142857142857143,0.3076923076923077
