,question_01,question_02,question_03,question_04,question_05,question_06,question_07,question_08,question_09,question_10,question_11,question_12,question_13,question_14,question_15,question_16,question_17,question_18,question_19,question_20,question_21,question_22,question_23,question_24,question_25,question_26,question_27,question_28,question_29,question_30,question_31,question_32,question_33,question_34,question_35,question_36,question_37,question_38,question_39,question_40,question_41,question_42,question_43,question_44,question_45,question_46,question_47,question_48,question_49,question_50
unstructured-io,0.6920152091254753,0.5700000000000001,0.6881720430107526,0.5384615384615384,0.45054945054945056,0.5585585585585585,0.7142857142857144,0.5483870967741935,0.6846846846846848,0.5612648221343873,0.45333333333333325,0.6232876712328768,0.5355648535564853,0.5656565656565657,0.6209386281588448,0.47222222222222227,0.5051194539249146,0.4928909952606635,0.4413145539906103,0.5227272727272727,0.5753424657534245,0.6083650190114068,0.6070287539936102,0.5723270440251572,0.5569620253164557,0.6,0.5201465201465202,0.4895522388059702,0.5804195804195805,0.5526315789473685,0.41666666666666663,0.5337423312883436,0.7624999999999998,0.41509433962264153,0.6279863481228669,0.7120000000000001,0.5761316872427984,0.5176470588235295,0.5000000000000001,0.46,0.7706422018348624,0.6519823788546256,0.5617977528089887,0.6341463414634148,0.6795366795366796,0.544776119402985,0.5792682926829269,0.43205574912891986,0.46308724832214765,0.48902821316614414
