{
  "question_34": {
    "unstructured-io": {
      "llama3-70b-8192": 0.1949685534591195,
      "mixtral-8x7b-32768": 0.05952380952380953,
      "gemma-7b-it": 0.25
    }
  }
}