,llama3-70b-8192,mixtral-8x7b-32768,gemma-7b-it,claude-3-opus-20240229,gpt-3.5-turbo
v2.1-unstruct,0.7018708713052703,0.683127572016461,0.5968586387434555,0.0,0.0
v2.1-html,0.7066378066378066,0.5207756232686981,0.603960396039604,0.0,0.0
v2.1-custom4,0.7090909090909091,0.5042492917847025,0.6,0.0,0.0
v2.1-md,0.6754385964912281,0.5131195335276968,0.6130653266331658,0.0,0.0
v2.1-custom1,0.6957479192979048,0.4705882352941176,0.6009852216748769,0.0,0.0
v2.1-json,0.7037037037037037,0.4721485411140583,0.6009852216748769,0.0,0.0
v2.1-custom2,0.6711883992238808,0.5590062111801242,0.6130653266331658,0.0,0.0
