,llama3-70b-8192,mixtral-8x7b-32768,gemma-7b-it
v2.1-custom4,0.3602484472049689,0.3108108108108108,0.42105263157894735
v2.1-unstruct,0.3793103448275862,0.3002421307506053,0.3314285714285714
v2.1-md,0.5072886297376094,0.25069637883008355,0.3877551020408164
v2.1-custom1,0.40939597315436244,0.2747747747747748,0.40414507772020725
v2.1-html,0.39743589743589747,0.17422867513611617,0.4018264840182648
v2.1-custom2,0.35542168674698793,0.510385756676558,0.3314285714285714
v2.1-json,0.4666666666666667,0.29319371727748694,0.4150943396226416
