,llama3-70b-8192,mixtral-8x7b-32768,gemma-7b-it
v2.1-custom4,0.22929936305732485,0.2185273159144893,0.1818181818181818
v2.1-json,0.22580645161290322,0.27118644067796605,0.17045454545454547
v2.1-custom2,0.25827814569536417,0.22033898305084745,0.17045454545454547
v2.1-unstruct,0.29906542056074764,0.23466666666666666,0.18064516129032257
v2.1-custom1,0.24354243542435425,0.23333333333333334,0.192090395480226
v2.1-md,0.22535211267605632,0.2634730538922156,0.17045454545454547
v2.1-html,0.23616236162361623,0.21468926553672316,0.192090395480226
