,llama3-70b-8192,mixtral-8x7b-32768,gemma-7b-it
unstructured-io,0.3696682464454977,0.34507042253521125,0.21518987341772153
