,llama3-70b-8192,mixtral-8x7b-32768,gemma-7b-it
unstructured-io,0.7706422018348624,0.08695652173913043,0.6994535519125683
