,llama3-70b-8192,mixtral-8x7b-32768,gemma-7b-it
v2.1-custom4,0.4755700325732899,0.3907455012853471,0.2111111111111111
v2.1-json,0.4119601328903654,0.378494623655914,0.2111111111111111
v2.1-custom2,0.3822525597269625,0.44654088050314467,0.2111111111111111
v2.1-unstruct,0.4166666666666667,0.4168734491315137,0.2111111111111111
v2.1-custom1,0.38461538461538464,0.36496350364963503,0.2111111111111111
v2.1-md,0.3860759493670886,0.4205128205128205,0.2111111111111111
v2.1-html,0.4105960264900662,0.36496350364963503,0.2111111111111111
