,llama3-70b-8192,mixtral-8x7b-32768,gemma-7b-it
unstructured-io,0.3287671232876712,0.39901477832512317,0.35978835978835977
