,llama3-70b-8192,mixtral-8x7b-32768,gemma-7b-it,claude-3-opus-20240229,gpt-3.5-turbo
v2-html,0.5319112006942696,0.5368731563421829,0.3057324840764331,0.0,0.0
v2-custom1,0.6296918767507003,0.3283582089552239,0.3057324840764331,0.0,0.0
v2-json,0.5773692119656116,0.5201465201465202,0.3291139240506329,0.0,0.0
v2-custom2,0.4128113879003559,0.480565371024735,0.3057324840764331,0.0,0.0
v2-md,0.6548672566371682,0.3415841584158416,0.3057324840764331,0.0,0.0
v0-unstruct,0.5892840981084262,0.5263157894736842,0.3508771929824561,0.0,0.0
