,llama3-70b-8192,mixtral-8x7b-32768,gemma-7b-it
v2.1-json,0.3041825095057034,0.3172043010752688,0.13580246913580246
v2.1-custom1,0.35125448028673834,0.2702702702702703,0.13414634146341464
v2.1-unstruct,0.3173431734317343,0.004464101186293556,0.13580246913580246
v2.1-custom2,0.28196721311475414,0.2158273381294964,0.13414634146341464
v2.1-custom4,0.2804878048780488,0.2475442043222004,0.13414634146341464
v2.1-md,0.28671328671328666,0.30490956072351416,0.13580246913580246
v2.1-html,0.32996632996633,0.27918781725888325,0.13414634146341464
