,question_01,question_02,question_03,question_04,question_05,question_06,question_07,question_08,question_09,question_10
v2.1-unstruct,0.47692307692307695,0.5645161290322581,0.4796747967479675,0.2978723404255319,0.24920127795527158,0.2846975088967972,0.1914191419141914,0.16138328530259366,0.3533333333333334,0.3863636363636364
v2.1-md,0.49612403100775193,0.4736842105263158,0.42718446601941745,0.3289473684210526,0.2692307692307692,0.24221453287197234,0.21016949152542375,0.2007168458781362,0.3557046979865772,0.398876404494382
v2.1-json,0.5220883534136547,0.5185185185185186,0.4780876494023904,0.3026315789473684,0.19745222929936304,0.21621621621621623,0.23052959501557632,0.1901840490797546,0.35962145110410093,0.3044776119402985
v2.1-html,0.515625,0.49361702127659574,0.4435146443514644,0.2946708463949843,0.1986301369863014,0.2548262548262548,0.21864951768488744,0.22285714285714284,0.32716049382716045,0.35542168674698793
v2.1-custom1,0.4645669291338583,0.5114155251141552,0.460431654676259,0.26480836236933797,0.2507836990595611,0.24719101123595505,0.21153846153846156,0.1804511278195489,0.33663366336633666,0.44164037854889593
v2.1-custom2,0.5454545454545455,0.4977375565610859,0.4435146443514644,0.2846441947565543,0.2657342657342657,0.2105263157894737,0.2140468227424749,0.18532818532818535,0.2925373134328358,0.36075949367088606
v2.1-custom4,0.47232472324723246,0.5181818181818182,0.43918918918918914,0.4468864468864469,0.23631123919308358,0.225,0.24451410658307207,0.15261044176706826,0.2756410256410256,0.381578947368421
