,llama3-70b-8192,mixtral-8x7b-32768,gemma-7b-it
unstructured-io,0.5585585585585585,0.45414847161572053,0.232258064516129
