,llama3-70b-8192,mixtral-8x7b-32768,gemma-7b-it
unstructured-io,0.30962343096234307,0.22171945701357468,0.2727272727272727
