,llama3-70b-8192,mixtral-8x7b-32768,gemma-7b-it
unstructured-io,0.32996632996632996,0.2608695652173913,0.11518324607329843
