,llama3-70b-8192,mixtral-8x7b-32768,gemma-7b-it
v2.1-custom1,0.6578073089700998,0.4618736383442266,0.4566210045662101
v2.1-custom2,0.6976744186046512,0.48356807511737093,0.42990654205607476
v2.1-custom4,0.5544554455445545,0.5217391304347826,0.4845814977973568
v2.1-md,0.6761565836298933,0.5480093676814988,0.47826086956521746
v2.1-json,0.6915254237288136,0.5906432748538012,0.5084745762711864
v2.1-unstruct,0.6204620462046205,0.44111349036402564,0.5206611570247933
v2.1-html,0.6936026936026936,0.5095238095238094,0.4056603773584906
