{
  "question_01": {
    "unstructured-io": {
      "llama3-70b-8192": 0.46387832699619774,
      "mixtral-8x7b-32768": 0.2920110192837465,
      "gemma-7b-it": 0.42922374429223736
    }
  },
  "question_02": {
    "unstructured-io": {
      "llama3-70b-8192": 0.35999999999999993,
      "mixtral-8x7b-32768": 0.36681222707423583,
      "gemma-7b-it": 0.32530120481927716
    }
  },
  "question_03": {
    "unstructured-io": {
      "llama3-70b-8192": 0.4659498207885304,
      "mixtral-8x7b-32768": 0.3435114503816794,
      "gemma-7b-it": 0.26347305389221554
    }
  },
  "question_04": {
    "unstructured-io": {
      "llama3-70b-8192": 0.3269230769230769,
      "mixtral-8x7b-32768": 0.2890625,
      "gemma-7b-it": 0.17751479289940827
    }
  },
  "question_05": {
    "unstructured-io": {
      "llama3-70b-8192": 0.29670329670329676,
      "mixtral-8x7b-32768": 0.2535211267605634,
      "gemma-7b-it": 0.27999999999999997
    }
  },
  "question_06": {
    "unstructured-io": {
      "llama3-70b-8192": 0.29729729729729726,
      "mixtral-8x7b-32768": 0.25327510917030566,
      "gemma-7b-it": 0.19354838709677416
    }
  },
  "question_07": {
    "unstructured-io": {
      "llama3-70b-8192": 0.5714285714285715,
      "mixtral-8x7b-32768": 0.32903225806451614,
      "gemma-7b-it": 0.36
    }
  },
  "question_08": {
    "unstructured-io": {
      "llama3-70b-8192": 0.3548387096774193,
      "mixtral-8x7b-32768": 0.26704545454545453,
      "gemma-7b-it": 0.2424242424242424
    }
  },
  "question_09": {
    "unstructured-io": {
      "llama3-70b-8192": 0.5225225225225225,
      "mixtral-8x7b-32768": 0.3746031746031746,
      "gemma-7b-it": 0.33548387096774196
    }
  },
  "question_10": {
    "unstructured-io": {
      "llama3-70b-8192": 0.34782608695652173,
      "mixtral-8x7b-32768": 0.3178294573643411,
      "gemma-7b-it": 0.14864864864864863
    }
  },
  "question_11": {
    "unstructured-io": {
      "llama3-70b-8192": 0.27999999999999997,
      "mixtral-8x7b-32768": 0.23906705539358603,
      "gemma-7b-it": 0.13414634146341464
    }
  },
  "question_12": {
    "unstructured-io": {
      "llama3-70b-8192": 0.3287671232876712,
      "mixtral-8x7b-32768": 0.39901477832512317,
      "gemma-7b-it": 0.35978835978835977
    }
  },
  "question_13": {
    "unstructured-io": {
      "llama3-70b-8192": 0.30962343096234307,
      "mixtral-8x7b-32768": 0.22171945701357468,
      "gemma-7b-it": 0.2727272727272727
    }
  },
  "question_14": {
    "unstructured-io": {
      "llama3-70b-8192": 0.32996632996632996,
      "mixtral-8x7b-32768": 0.2608695652173913,
      "gemma-7b-it": 0.11518324607329843
    }
  },
  "question_15": {
    "unstructured-io": {
      "llama3-70b-8192": 0.4043321299638989,
      "mixtral-8x7b-32768": 0.45307443365695793,
      "gemma-7b-it": 0.35106382978723405
    }
  },
  "question_16": {
    "unstructured-io": {
      "llama3-70b-8192": 0.24305555555555555,
      "mixtral-8x7b-32768": 0.25958702064896755,
      "gemma-7b-it": 0.2485875706214689
    }
  },
  "question_17": {
    "unstructured-io": {
      "llama3-70b-8192": 0.3481228668941979,
      "mixtral-8x7b-32768": 0.381294964028777,
      "gemma-7b-it": 0.31794871794871793
    }
  },
  "question_18": {
    "unstructured-io": {
      "llama3-70b-8192": 0.3696682464454977,
      "mixtral-8x7b-32768": 0.34507042253521125,
      "gemma-7b-it": 0.21518987341772153
    }
  },
  "question_19": {
    "unstructured-io": {
      "llama3-70b-8192": 0.2723004694835681,
      "mixtral-8x7b-32768": 0.24786324786324784,
      "gemma-7b-it": 0.2361111111111111
    }
  },
  "question_20": {
    "unstructured-io": {
      "llama3-70b-8192": 0.2954545454545454,
      "mixtral-8x7b-32768": 0.29192546583850926,
      "gemma-7b-it": 0.23783783783783788
    }
  },
  "question_21": {
    "unstructured-io": {
      "llama3-70b-8192": 0.40182648401826476,
      "mixtral-8x7b-32768": 0.2578796561604585,
      "gemma-7b-it": 0.4027777777777778
    }
  },
  "question_22": {
    "unstructured-io": {
      "llama3-70b-8192": 0.4866920152091255,
      "mixtral-8x7b-32768": 0.5350877192982457,
      "gemma-7b-it": 0.5098039215686275
    }
  },
  "question_23": {
    "unstructured-io": {
      "llama3-70b-8192": 0.3769968051118211,
      "mixtral-8x7b-32768": 0.24470588235294116,
      "gemma-7b-it": 0.25498007968127495
    }
  },
  "question_24": {
    "unstructured-io": {
      "llama3-70b-8192": 0.3647798742138365,
      "mixtral-8x7b-32768": 0.40148698884758366,
      "gemma-7b-it": 0.37777777777777777
    }
  },
  "question_25": {
    "unstructured-io": {
      "llama3-70b-8192": 0.4219409282700422,
      "mixtral-8x7b-32768": 0.3897058823529412,
      "gemma-7b-it": 0.46445497630331756
    }
  },
  "question_26": {
    "unstructured-io": {
      "llama3-70b-8192": 0.3142857142857143,
      "mixtral-8x7b-32768": 0.255863539445629,
      "gemma-7b-it": 0.27649769585253453
    }
  },
  "question_27": {
    "unstructured-io": {
      "llama3-70b-8192": 0.2637362637362637,
      "mixtral-8x7b-32768": 0.19477434679334918,
      "gemma-7b-it": 0.22115384615384615
    }
  },
  "question_28": {
    "unstructured-io": {
      "llama3-70b-8192": 0.26268656716417915,
      "mixtral-8x7b-32768": 0.23376623376623376,
      "gemma-7b-it": 0.12682926829268293
    }
  },
  "question_29": {
    "unstructured-io": {
      "llama3-70b-8192": 0.41258741258741266,
      "mixtral-8x7b-32768": 0.27710843373493976,
      "gemma-7b-it": 0.42194092827004215
    }
  },
  "question_30": {
    "unstructured-io": {
      "llama3-70b-8192": 0.43421052631578944,
      "mixtral-8x7b-32768": 0.47482014388489213,
      "gemma-7b-it": 0.419047619047619
    }
  },
  "question_31": {
    "unstructured-io": {
      "llama3-70b-8192": 0.23333333333333334,
      "mixtral-8x7b-32768": 0.23188405797101447,
      "gemma-7b-it": 0.21481481481481482
    }
  },
  "question_32": {
    "unstructured-io": {
      "llama3-70b-8192": 0.25153374233128833,
      "mixtral-8x7b-32768": 0.23999999999999996,
      "gemma-7b-it": 0.4147465437788018
    }
  },
  "question_33": {
    "unstructured-io": {
      "llama3-70b-8192": 0.5125000000000001,
      "mixtral-8x7b-32768": 0.4297520661157025,
      "gemma-7b-it": 0.4909090909090909
    }
  },
  "question_34": {
    "unstructured-io": {
      "llama3-70b-8192": 0.1949685534591195,
      "mixtral-8x7b-32768": 0.05952380952380953,
      "gemma-7b-it": 0.25
    }
  },
  "question_35": {
    "unstructured-io": {
      "llama3-70b-8192": 0.3822525597269625,
      "mixtral-8x7b-32768": 0.39205955334987597,
      "gemma-7b-it": 0.20942408376963353
    }
  },
  "question_36": {
    "unstructured-io": {
      "llama3-70b-8192": 0.44,
      "mixtral-8x7b-32768": 0.30303030303030304,
      "gemma-7b-it": 0.29473684210526313
    }
  },
  "question_37": {
    "unstructured-io": {
      "llama3-70b-8192": 0.33744855967078186,
      "mixtral-8x7b-32768": 0.3424124513618677,
      "gemma-7b-it": 0.16666666666666666
    }
  },
  "question_38": {
    "unstructured-io": {
      "llama3-70b-8192": 0.25098039215686274,
      "mixtral-8x7b-32768": 0.2512820512820513,
      "gemma-7b-it": 0.1965811965811966
    }
  },
  "question_39": {
    "unstructured-io": {
      "llama3-70b-8192": 0.2361111111111111,
      "mixtral-8x7b-32768": 0.2659574468085106,
      "gemma-7b-it": 0.2198952879581152
    }
  },
  "question_40": {
    "unstructured-io": {
      "llama3-70b-8192": 0.25999999999999995,
      "mixtral-8x7b-32768": 0.26035502958579876,
      "gemma-7b-it": 0.2680412371134021
    }
  },
  "question_41": {
    "unstructured-io": {
      "llama3-70b-8192": 0.5779816513761468,
      "mixtral-8x7b-32768": 0.08695652173913043,
      "gemma-7b-it": 0.6775956284153005
    }
  },
  "question_42": {
    "unstructured-io": {
      "llama3-70b-8192": 0.3612334801762115,
      "mixtral-8x7b-32768": 0.3944636678200692,
      "gemma-7b-it": 0.3411764705882353
    }
  },