,llama3-70b-8192,mixtral-8x7b-32768,gemma-7b-it
v2.1-custom4,0.2671009771986971,0.20565552699228792,0.13333333333333333
v2.1-json,0.21262458471760798,0.15913978494623657,0.13333333333333333
v2.1-custom2,0.23208191126279865,0.2138364779874214,0.13333333333333333
v2.1-unstruct,0.19230769230769232,0.19354838709677416,0.13333333333333333
v2.1-custom1,0.21153846153846156,0.18491484184914841,0.13333333333333333
v2.1-md,0.1962025316455696,0.22564102564102564,0.13333333333333333
v2.1-html,0.25165562913907286,0.20437956204379562,0.13333333333333333
