,llama3-70b-8192,mixtral-8x7b-32768,gemma-7b-it,claude-3-opus-20240229,gpt-3.5-turbo
v2.1-unstruct,0.6450223920456879,0.5837563451776651,0.32558139534883723,0.0,0.0
v2.1-html,0.6953125000000001,0.4948979591836735,0.2918918918918919,0.0,0.0
v2.1-custom4,0.6471914719147192,0.4370546318289786,0.2909090909090909,0.0,0.0
v2.1-md,0.7343749999999999,0.5852272727272727,0.3468208092485549,0.0,0.0
v2.1-custom1,0.7244094488188977,0.5772151898734178,0.4842105263157895,0.0,0.0
v2.1-json,0.7244258418957213,0.4957983193277311,0.46486486486486495,0.0,0.0
v2.1-custom2,0.7222222222222223,0.5490196078431372,0.2918918918918919,0.0,0.0
