,llama3-70b-8192,mixtral-8x7b-32768,gemma-7b-it
unstructured-io,0.6920152091254753,0.4793388429752066,0.5114155251141552
