,llama3-70b-8192,mixtral-8x7b-32768,gemma-7b-it,claude-3-opus-20240229,gpt-3.5-turbo
v2-custom1,0.4443433100343501,0.4167104850565189,0.2736447050197673,0.0,0.0
v2-md,0.5638566728150521,0.3424381754166282,0.2914499963424786,0.0,0.0
v2-html,0.6223095874880702,0.41243377358513905,0.29028049783722104,0.0,0.0
v1-json,0.3623897608569795,0.3077820512228459,0.2575621443545972,0.0,0.0
v0-unstruct,0.5534422314857701,0.5147576714911958,0.3011512297226583,0.0,0.0
v2-custom2,0.5307430175556273,0.35783129400150676,0.27904320987654324,0.0,0.0
v1-html,0.36036963581856934,0.27573187971421537,0.2634730538922156,0.0,0.0
v2-json,0.4220742795623278,0.3291049968073041,0.3390780377551568,0.0,0.0
v2-toml,0.5666753998074449,0.5032063750188072,0.38356826991367377,0.0,0.0
