,llama3-70b-8192,mixtral-8x7b-32768,gemma-7b-it,claude-3-opus-20240229,gpt-3.5-turbo
v2-custom1,0.6098983099524741,0.545623143463393,0.34161670987610365,0.0,0.0
v2-md,0.6827311508135718,0.5280793501279676,0.36431921423268854,0.0,0.0
v2-html,0.7467136467434767,0.54378525220363,0.3545641270599475,0.0,0.0
v1-json,0.5452126998334204,0.462716293572059,0.29395028451632227,0.0,0.0
v0-unstruct,0.7246490659255828,0.6276168240829176,0.3831327402755975,0.0,0.0
v2-custom2,0.6842065084472247,0.5655054165692464,0.3548456790123457,0.0,0.0
v1-html,0.4998257801134347,0.43523827851628205,0.3073852295409182,0.0,0.0
v2-json,0.562451477827699,0.4301975023905509,0.39773357460765596,0.0,0.0
v2-toml,0.6740525607272789,0.587135105609766,0.4838033014237859,0.0,0.0
