,llama3-70b-8192,mixtral-8x7b-32768,gemma-7b-it
v2.1-custom1,0.30885136512453143,0.11688311688311688,0.27225130890052357
v2.1-json,0.3214039238883959,0.30563002680965146,0.27053140096618356
v2.1-unstruct,0.6166726183390866,0.5495750708215297,0.4200913242009133
v2.1-custom4,0.37146908176207644,0.26063829787234044,0.18579234972677594
v2.1-html,0.3860234110053605,0.29072681704260656,0.17486338797814213
v2.1-md,0.3694267515923566,0.31738035264483627,0.30622009569377995
v2.1-custom2,0.3547979533306019,0.26262626262626265,0.26262626262626265
