,llama3-70b-8192,mixtral-8x7b-32768,gemma-7b-it
v2.1-custom1,0.3553088133240805,0.5232558139534884,0.14583333333333331
v2.1-json,0.2845188284518828,0.37500000000000006,0.14583333333333331
v2.1-unstruct,0.2222222222222222,0.3458980044345898,0.14583333333333331
v2.1-custom4,0.4551525222231228,0.39821029082774045,0.14583333333333331
v2.1-html,0.47925067758855805,0.4619047619047619,0.14583333333333331
v2.1-md,0.36424041075203867,0.45625,0.14583333333333331
v2.1-custom2,0.2734375,0.4873096446700507,0.14583333333333331
