,llama3-70b-8192,mixtral-8x7b-32768,gemma-7b-it
v2.1-custom1,0.20912032003006994,0.2594594594594594,0.11320754716981134
v2.1-json,0.2442922374429224,0.24260355029585798,0.23913043478260868
v2.1-unstruct,0.21795321741032925,0.23495702005730656,0.19277108433734944
v2.1-custom4,0.191841700726364,0.24840764331210188,0.13664596273291924
v2.1-html,0.20849571083933457,0.25163398692810457,0.20118343195266275
v2.1-md,0.2485204206407435,0.23140495867768596,0.07692307692307693
v2.1-custom2,0.2042253521126761,0.22754491017964074,0.20382165605095545
