,llama3-70b-8192,mixtral-8x7b-32768,gemma-7b-it
v2.1-custom1,0.468441020507352,0.4471299093655589,0.1828571428571429
v2.1-json,0.47563335836919496,0.44011142061281333,0.1828571428571429
v2.1-unstruct,0.48669120906655355,0.4182692307692308,0.20571428571428566
v2.1-custom4,0.4698278038681008,0.4306930693069307,0.1828571428571429
v2.1-html,0.44000696828182856,0.43715846994535523,0.1828571428571429
v2.1-md,0.47851142730167046,0.2308943089430894,0.16091954022988506
v2.1-custom2,0.5075530678712297,0.4899135446685879,0.1828571428571429
