,llama3-70b-8192,mixtral-8x7b-32768,gemma-7b-it
v2.1-custom1,0.4652668416447944,0.4000000000000001,0.4421052631578948
v2.1-json,0.5151515151515151,0.37394957983193283,0.4108108108108108
v2.1-unstruct,0.47976704055220015,0.45177664974619286,0.26744186046511625
v2.1-custom4,0.47232472324723246,0.2612826603325416,0.23030303030303031
v2.1-html,0.5206207482993198,0.28061224489795916,0.227027027027027
v2.1-md,0.46467230130486364,0.4318181818181818,0.26589595375722547
v2.1-custom2,0.5241402116402116,0.338235294117647,0.227027027027027
