,llama3-70b-8192,mixtral-8x7b-32768,gemma-7b-it
v2.1-custom1,0.4717144580294972,0.5038560411311054,0.21052631578947367
v2.1-json,0.4770982664836561,0.39069767441860465,0.21052631578947367
v2.1-unstruct,0.5343128541096434,0.5667752442996743,0.14364640883977903
v2.1-custom4,0.5119453924914675,0.4189526184538654,0.19895287958115185
v2.1-html,0.47975438311052465,0.44967880085653106,0.20000000000000004
v2.1-md,0.4642585887132385,0.45505617977528096,0.20000000000000004
v2.1-custom2,0.5015873015873016,0.43902439024390244,0.20000000000000004
