,llama3-70b-8192,mixtral-8x7b-32768,gemma-7b-it
v2.1-custom1,0.48534916741964634,0.4461538461538462,0.4324324324324324
v2.1-json,0.43244613434727497,0.43853820598006643,0.36756756756756753
v2.1-unstruct,0.47351477124879554,0.4367088607594936,0.4270833333333333
v2.1-custom4,0.3615384615384614,0.41520467836257313,0.467005076142132
v2.1-html,0.3147641083943145,0.4578313253012049,0.36548223350253806
v2.1-md,0.42523179814561485,0.4705882352941176,0.4455958549222798
v2.1-custom2,0.46945267425541864,0.43421052631578955,0.4270833333333333
