,llama3-70b-8192,mixtral-8x7b-32768,gemma-7b-it
v2.1-custom1,0.4867235656709341,0.4215053763440861,0.43703703703703706
v2.1-custom2,0.44918826554896946,0.4424778761061947,0.43183806569633343
v2.1-json,0.5066335909986932,0.48186528497409326,0.44285714285714284
v2.1-md,0.4994725886465557,0.4223300970873786,0.42105263157894735
v2.1-html,0.5064935064935066,0.39627039627039623,0.4393939393939393
v2.1-custom4,0.5041431361103492,0.3842794759825327,0.37121212121212127
v2.1-unstruct,0.5419675073309379,0.45754716981132076,0.4827586206896551
