{
  "question_01": {
    "v2.1-unstruct": 0.39966185025450307,
    "v2.1-md": 0.387462145626757,
    "v2.1-json": 0.43330396859808623,
    "v2.1-html": 0.34275334007476865,
    "v2.1-custom1": 0.4357907016008964,
    "v2.1-custom2": 0.3631341775949619,
    "v2.1-custom4": 0.3213034712942681
  },
  "question_02": {
    "v2.1-unstruct": 0.5120560231678298,
    "v2.1-md": 0.46902277743379056,
    "v2.1-json": 0.4612538731312678,
    "v2.1-html": 0.42862508001942884,
    "v2.1-custom1": 0.460392198562195,
    "v2.1-custom2": 0.45311196185178093,
    "v2.1-custom4": 0.43448364666494976
  },
  "question_03": {
    "v2.1-unstruct": 0.40470783311619685,
    "v2.1-md": 0.3510010292421141,
    "v2.1-json": 0.3821045900866968,
    "v2.1-html": 0.38514217066852235,
    "v2.1-custom1": 0.38910270385090523,
    "v2.1-custom2": 0.3675297464551766,
    "v2.1-custom4": 0.3617427923940326
  },
  "question_04": {
    "v2.1-unstruct": 0.26508203503251127,
    "v2.1-md": 0.22087955849557306,
    "v2.1-json": 0.20270984759992294,
    "v2.1-html": 0.22281440590540028,
    "v2.1-custom1": 0.23508075001374187,
    "v2.1-custom2": 0.19927824482580425,
    "v2.1-custom4": 0.29788575917302723
  },
  "question_05": {
    "v2.1-unstruct": 0.2026406247084022,
    "v2.1-md": 0.1642343611915186,
    "v2.1-json": 0.2003396205045179,
    "v2.1-html": 0.1838106830199401,
    "v2.1-custom1": 0.20274765351677113,
    "v2.1-custom2": 0.21792360287080725,
    "v2.1-custom4": 0.20011027654298028
  },
  "question_06": {
    "v2.1-unstruct": 0.24010555820061028,
    "v2.1-md": 0.21874760753644437,
    "v2.1-json": 0.21716715895416258,
    "v2.1-html": 0.2235253121163552,
    "v2.1-custom1": 0.20902122845669,
    "v2.1-custom2": 0.20964683464683467,
    "v2.1-custom4": 0.20086539897427022
  },
  "question_07": {
    "v2.1-unstruct": 0.1331694787653337,
    "v2.1-md": 0.18985786733969526,
    "v2.1-json": 0.17318974665456066,
    "v2.1-html": 0.19164027830846167,
    "v2.1-custom1": 0.17088284194404746,
    "v2.1-custom2": 0.18120443994335975,
    "v2.1-custom4": 0.18784307162357025
  },
  "question_08": {
    "v2.1-unstruct": 0.155543339903096,
    "v2.1-md": 0.17156998363393713,
    "v2.1-json": 0.1668347778441921,
    "v2.1-html": 0.1861996807173315,
    "v2.1-custom1": 0.1652077800610998,
    "v2.1-custom2": 0.17236410744500844,
    "v2.1-custom4": 0.17509810214533839
  }
}