,llama3-70b-8192,mixtral-8x7b-32768,gemma-7b-it
v2.1-custom1,0.1827834005912946,0.19653179190751444,0.13333333333333333
v2.1-json,0.20066889632107024,0.18556701030927836,0.13333333333333333
v2.1-unstruct,0.06410256410256411,0.20207253886010365,0.13333333333333333
v2.1-custom4,0.24462887122809904,0.18556701030927836,0.13333333333333333
v2.1-html,0.23819767108357714,0.2033898305084746,0.13333333333333333
v2.1-md,0.19981854344613592,0.2364217252396166,0.13333333333333333
v2.1-custom2,0.19999961266497013,0.2102803738317757,0.13333333333333333
