{
  "question_25": {
    "v2.1-unstruct": 0.4277178339670585,
    "v2.1-md": 0.3888111063641842,
    "v2.1-json": 0.38196795605498185,
    "v2.1-html": 0.39027506809528334,
    "v2.1-custom1": 0.38656099656850923,
    "v2.1-custom2": 0.3456019467966475,
    "v2.1-custom4": 0.3510664698619341
  },
  "question_26": {
    "v2.1-unstruct": 0.5276943378051474,
    "v2.1-md": 0.5663102359774027,
    "v2.1-json": 0.5948767395387179,
    "v2.1-html": 0.5206204250753517,
    "v2.1-custom1": 0.5349797339496781,
    "v2.1-custom2": 0.517314689364526,
    "v2.1-custom4": 0.5389903019355897
  },
  "question_27": {
    "v2.1-unstruct": 0.48637172168445436,
    "v2.1-md": 0.44622067833034373,
    "v2.1-json": 0.4191155227209776,
    "v2.1-html": 0.4111709036824244,
    "v2.1-custom1": 0.49596564899935686,
    "v2.1-custom2": 0.4535243166380618,
    "v2.1-custom4": 0.48989717412487566
  },
  "question_28": {
    "v2.1-unstruct": 0.0,
    "v2.1-md": 0.0,
    "v2.1-json": 0.0,
    "v2.1-html": 0.0,
    "v2.1-custom1": 0.0,
    "v2.1-custom2": 0.0,
    "v2.1-custom4": 0.0
  },
  "question_29": {
    "v2.1-unstruct": 0.5497206963061908,
    "v2.1-md": 0.5003583725398655,
    "v2.1-json": 0.5003498577305459,
    "v2.1-html": 0.5400693932781977,
    "v2.1-custom1": 0.5261940960129193,
    "v2.1-custom2": 0.551216229026448,
    "v2.1-custom4": 0.5064155264535534
  }
}