,llama3-70b-8192,mixtral-8x7b-32768,gemma-7b-it
v2.1-custom1,0.7031963470319637,0.4705882352941176,0.6009852216748769
v2.1-json,0.6932737335036186,0.4721485411140583,0.6009852216748769
v2.1-unstruct,0.6878923766816144,0.683127572016461,0.5968586387434555
v2.1-custom4,0.7090909090909091,0.5042492917847025,0.6
v2.1-html,0.7074355101738469,0.5207756232686981,0.603960396039604
v2.1-md,0.6754385964912281,0.5131195335276968,0.6130653266331658
v2.1-custom2,0.6699039841077145,0.5590062111801242,0.6130653266331658
