{
  "question_25": {
    "v2.1-unstruct": 0.4277178339670585,
    "v2.1-md": 0.3888111063641842,
    "v2.1-json": 0.38196795605498185,
    "v2.1-html": 0.39027506809528334,
    "v2.1-custom1": 0.38656099656850923,
    "v2.1-custom2": 0.3456019467966475,
    "v2.1-custom4": 0.3510664698619341
  },
  "question_26": {
    "v2.1-unstruct": 0.5276943378051474,
    "v2.1-md": 0.5663102359774027,
    "v2.1-json": 0.5948767395387179,
    "v2.1-html": 0.5206204250753517,
    "v2.1-custom1": 0.5349797339496781,
    "v2.1-custom2": 0.517314689364526,
    "v2.1-custom4": 0.5389903019355897
  },
  "question_27": {
    "v2.1-unstruct": 0.48637172168445436,
    "v2.1-md": 0.44622067833034373,
    "v2.1-json": 0.4191155227209776,
    "v2.1-html": 0.4111709036824244,
    "v2.1-custom1": 0.49596564899935686,
    "v2.1-custom2": 0.4535243166380618,
    "v2.1-custom4": 0.48989717412487566
  },
  "question_28": {
    "v2.1-unstruct": 0.0,
    "v2.1-md": 0.0,
    "v2.1-json": 0.0,
    "v2.1-html": 0.0,
    "v2.1-custom1": 0.0,
    "v2.1-custom2": 0.0,
    "v2.1-custom4": 0.0
  },
  "question_29": {
    "v2.1-unstruct": 0.5497206963061908,
    "v2.1-md": 0.5003583725398655,
    "v2.1-json": 0.5003498577305459,
    "v2.1-html": 0.5400693932781977,
    "v2.1-custom1": 0.5261940960129193,
    "v2.1-custom2": 0.551216229026448,
    "v2.1-custom4": 0.5064155264535534
  },
  "question_30": {
    "v2.1-unstruct": 0.5123852484963597,
    "v2.1-md": 0.498394338087153,
    "v2.1-json": 0.5313396946220609,
    "v2.1-html": 0.5611277156181205,
    "v2.1-custom1": 0.4745871650804571,
    "v2.1-custom2": 0.5150522303434855,
    "v2.1-custom4": 0.4869632665000973
  },
  "question_31": {
    "v2.1-unstruct": 0.4940910992773046,
    "v2.1-md": 0.4476184391042939,
    "v2.1-json": 0.47711867294330973,
    "v2.1-html": 0.44738594738594734,
    "v2.1-custom1": 0.44842199301735236,
    "v2.1-custom2": 0.44116806911716583,
    "v2.1-custom4": 0.41987824443500105
  },
  "question_32": {
    "v2.1-unstruct": 0.42060283162668083,
    "v2.1-md": 0.4015305432147447,
    "v2.1-json": 0.41236596472863596,
    "v2.1-html": 0.3726858115177909,
    "v2.1-custom1": 0.3997718468495654,
    "v2.1-custom2": 0.37078840599331664,
    "v2.1-custom4": 0.40364547841393184
  },
  "question_33": {
    "v2.1-unstruct": 0.2857996508122843,
    "v2.1-md": 0.4300090714164962,
    "v2.1-json": 0.43216852438838044,
    "v2.1-html": 0.46345906225924666,
    "v2.1-custom1": 0.40901927214331185,
    "v2.1-custom2": 0.4375662270692493,
    "v2.1-custom4": 0.2910769953477447
  },
  "question_34": {
    "v2.1-unstruct": 0.46927230779304235,
    "v2.1-md": 0.38375354889186414,
    "v2.1-json": 0.45763904805374844,
    "v2.1-html": 0.39288243751326335,
    "v2.1-custom1": 0.36373798185275613,
    "v2.1-custom2": 0.34560478993130644,
    "v2.1-custom4": 0.38821591740044076
  },
  "question_35": {
    "v2.1-unstruct": 0.5332391390007638,
    "v2.1-md": 0.5046262604566726,
    "v2.1-json": 0.4706150215428406,
    "v2.1-html": 0.5603091038174534,
    "v2.1-custom1": 0.53552181812923,
    "v2.1-custom2": 0.5458583594205867,
    "v2.1-custom4": 0.5054397338840572
  },
  "question_36": {
    "v2.1-unstruct": 0.544749955536186,
    "v2.1-md": 0.5500812553444132,
    "v2.1-json": 0.6146212208965597,
    "v2.1-html": 0.6058219212424265,
    "v2.1-custom1": 0.6451565660726217,
    "v2.1-custom2": 0.6178640792678912,
    "v2.1-custom4": 0.5362937041820293
  },
  "question_37": {
    "v2.1-unstruct": 0.4674541225166234,
    "v2.1-md": 0.5232748131517581,
    "v2.1-json": 0.5227803971932506,
    "v2.1-html": 0.47829768797510736,
    "v2.1-custom1": 0.5113454624863352,
    "v2.1-custom2": 0.48546194355719724,
    "v2.1-custom4": 0.48863813547275475
  },
  "question_38": {
    "v2.1-unstruct": 0.3969926453853623,
    "v2.1-md": 0.42759632265917286,
    "v2.1-json": 0.40639206726611626,
    "v2.1-html": 0.37039035952410115,
    "v2.1-custom1": 0.40411273699568007,
    "v2.1-custom2": 0.3341441607589892,
    "v2.1-custom4": 0.4599626660428229
  },
  "question_39": {
    "v2.1-unstruct": 0.4863543546666294,
    "v2.1-md": 0.4768616124789348,
    "v2.1-json": 0.4422379151491674,
    "v2.1-html": 0.4478852335493091,
    "v2.1-custom1": 0.48879695242295323,
    "v2.1-custom2": 0.43614333310571,
    "v2.1-custom4": 0.25264966188287197
  },
  "question_40": {
    "v2.1-unstruct": 0.45491997087985886,
    "v2.1-md": 0.5255816536176356,
    "v2.1-json": 0.49431431091636635,
    "v2.1-html": 0.5246051270676575,
    "v2.1-custom1": 0.5091564348994798,
    "v2.1-custom2": 0.5582830534811327,
    "v2.1-custom4": 0.5130044643754283
  },
  "question_41": {
    "v2.1-unstruct": 0.6400536305900498,
    "v2.1-md": 0.3236139728121576,
    "v2.1-json": 0.4089357348666081,
    "v2.1-html": 0.3445286615373952,
    "v2.1-custom1": 0.3333615351443014,
    "v2.1-custom2": 0.3518905934706595,
    "v2.1-custom4": 0.35846091068827834
  },
  "question_42": {
    "v2.1-unstruct": 0.48204260548127476,
    "v2.1-md": 0.37463929683107766,
    "v2.1-json": 0.575173239320605,
    "v2.1-html": 0.4379061247630174,
    "v2.1-custom1": 0.4756894362244482,
    "v2.1-custom2": 0.44508105691204286,
    "v2.1-custom4": 0.498831616648004
  },
  "question_43": {
    "v2.1-unstruct": 0.47048574207014066,
    "v2.1-md": 0.4822434570772933,
    "v2.1-json": 0.4461553376317306,
    "v2.1-html": 0.4898386486004336,
    "v2.1-custom1": 0.4450604009370227,
    "v2.1-custom2": 0.47310023434586485,
    "v2.1-custom4": 0.4762153072980145
  },
  "question_44": {
    "v2.1-unstruct": 0.642516095192671,
    "v2.1-md": 0.6195004150127067,
    "v2.1-json": 0.5412244350080163,
    "v2.1-html": 0.560413959948031,
    "v2.1-custom1": 0.5054363625792196,
    "v2.1-custom2": 0.5764918329604515,
    "v2.1-custom4": 0.6535419464062309
  },
  "question_45": {
    "v2.1-unstruct": 0.6350052978946575,
    "v2.1-md": 0.6183650461402616,
    "v2.1-json": 0.6244361663489334,
    "v2.1-html": 0.6143235572904368,
    "v2.1-custom1": 0.5175968081181513,
    "v2.1-custom2": 0.6369754936361409,
    "v2.1-custom4": 0.6191928181648646
  },
  "question_46": {
    "v2.1-unstruct": 0.32521938981623877,
    "v2.1-md": 0.309243354719262,
    "v2.1-json": 0.34574856196110004,
    "v2.1-html": 0.3192537490807414,
    "v2.1-custom1": 0.3210373080223505,
    "v2.1-custom2": 0.37118369087814074,
    "v2.1-custom4": 0.3804868847922027
  },
  "question_47": {
    "v2.1-unstruct": 0.37494775458276547,
    "v2.1-md": 0.32594507859511407,
    "v2.1-json": 0.3987496105101082,
    "v2.1-html": 0.4163352314676863,
    "v2.1-custom1": 0.3364284088228604,
    "v2.1-custom2": 0.3464649332578757,
    "v2.1-custom4": 0.34978409514908115
  }
}