{
  "question_01": {
    "v2.1-unstruct": 0.509556969838182,
    "v2.1-md": 0.5472818932801987,
    "v2.1-json": 0.5550695462460169,
    "v2.1-html": 0.4938746782496783,
    "v2.1-custom1": 0.5954468857923715,
    "v2.1-custom2": 0.5171865492943925,
    "v2.1-custom4": 0.5009571572718534
  },
  "question_02": {
    "v2.1-unstruct": 0.6559595291471769,
    "v2.1-md": 0.6005411522173635,
    "v2.1-json": 0.5888024987641846,
    "v2.1-html": 0.6107238431607164,
    "v2.1-custom1": 0.5915899346669861,
    "v2.1-custom2": 0.6139918406403347,
    "v2.1-custom4": 0.6044467336252038
  },
  "question_03": {
    "v2.1-unstruct": 0.5564346782344943,
    "v2.1-md": 0.5197922548867216,
    "v2.1-json": 0.5244287739662964,
    "v2.1-html": 0.5246992345413283,
    "v2.1-custom1": 0.5751901974923558,
    "v2.1-custom2": 0.5454507327485847,
    "v2.1-custom4": 0.5333201048128312
  },
  "question_04": {
    "v2.1-unstruct": 0.3805406984854698,
    "v2.1-md": 0.3842966274797263,
    "v2.1-json": 0.35629337500799024,
    "v2.1-html": 0.39847039816552005,
    "v2.1-custom1": 0.3677140215376147,
    "v2.1-custom2": 0.3186244008751215,
    "v2.1-custom4": 0.4258254897069735
  },
  "question_05": {
    "v2.1-unstruct": 0.37022490851669,
    "v2.1-md": 0.2901084254915483,
    "v2.1-json": 0.3662006406130504,
    "v2.1-html": 0.35334086036144224,
    "v2.1-custom1": 0.3661426909100179,
    "v2.1-custom2": 0.39344125179898687,
    "v2.1-custom4": 0.36112600534405814
  },
  "question_06": {
    "v2.1-unstruct": 0.4327241705273431,
    "v2.1-md": 0.39014177309325965,
    "v2.1-json": 0.39728178293160243,
    "v2.1-html": 0.4092702153447359,
    "v2.1-custom1": 0.3875009165814029,
    "v2.1-custom2": 0.38248228379807325,
    "v2.1-custom4": 0.3796068594397441
  },
  "question_07": {
    "v2.1-unstruct": 0.26174438687392054,
    "v2.1-md": 0.3540350514988085,
    "v2.1-json": 0.32340166598346787,
    "v2.1-html": 0.3380927357209919,
    "v2.1-custom1": 0.33356412761631676,
    "v2.1-custom2": 0.31446551909002246,
    "v2.1-custom4": 0.35438886471040926
  },
  "question_08": {
    "v2.1-unstruct": 0.2379845199967151,
    "v2.1-md": 0.322107914695124,
    "v2.1-json": 0.2684507205950721,
    "v2.1-html": 0.3623295909422177,
    "v2.1-custom1": 0.3414659868703007,
    "v2.1-custom2": 0.30219349266779466,
    "v2.1-custom4": 0.3330653821280655
  },
  "question_09": {
    "v2.1-unstruct": 0.3967035175254973,
    "v2.1-md": 0.3985561014514212,
    "v2.1-json": 0.3282559268393233,
    "v2.1-html": 0.38178912117108493,
    "v2.1-custom1": 0.3910019513104149,
    "v2.1-custom2": 0.41553936924884255,
    "v2.1-custom4": 0.38442582607919135
  },
  "question_10": {
    "v2.1-unstruct": 0.4773702661976247,
    "v2.1-md": 0.4773841555364515,
    "v2.1-json": 0.4342985668090699,
    "v2.1-html": 0.4551624361206787,
    "v2.1-custom1": 0.4188348082493567,
    "v2.1-custom2": 0.4296037268474658,
    "v2.1-custom4": 0.43930878804939577
  },
  "question_11": {
    "v2.1-unstruct": 0.25987077363190214,
    "v2.1-md": 0.3875734420602209,
    "v2.1-json": 0.3573363193421047,
    "v2.1-html": 0.341064475902432,
    "v2.1-custom1": 0.3536333264969353,
    "v2.1-custom2": 0.34289608802438254,
    "v2.1-custom4": 0.3349380848750254
  },
  "question_12": {
    "v2.1-unstruct": 0.6719174591721243,
    "v2.1-md": 0.582908368396411,
    "v2.1-json": 0.5557196081732741,
    "v2.1-html": 0.48400086444435647,
    "v2.1-custom1": 0.40941084803665,
    "v2.1-custom2": 0.5039577670049668,
    "v2.1-custom4": 0.4801278150603634
  },
  "question_13": {
    "v2.1-unstruct": 0.5611098806447644,
    "v2.1-md": 0.5340990225077947,
    "v2.1-json": 0.5500985598995651,
    "v2.1-html": 0.5069702328323018,
    "v2.1-custom1": 0.5226974789466784,
    "v2.1-custom2": 0.4808701802680124,
    "v2.1-custom4": 0.4740125005444198
  },
  "question_14": {
    "v2.1-unstruct": 0.4149115024163656,
    "v2.1-md": 0.37310492282950647,
    "v2.1-json": 0.3594407522305782,
    "v2.1-html": 0.3764777279890186,
    "v2.1-custom1": 0.39536560498335876,
    "v2.1-custom2": 0.38020389727706805,
    "v2.1-custom4": 0.3766169635088283
  },
  "question_15": {
    "v2.1-unstruct": 0.4268735777439839,
    "v2.1-md": 0.5113017220681125,
    "v2.1-json": 0.4929921485257995,
    "v2.1-html": 0.5538789165981548,
    "v2.1-custom1": 0.5263987090381647,
    "v2.1-custom2": 0.5390585106260634,
    "v2.1-custom4": 0.41373740701909983
  },
  "question_16": {
    "v2.1-unstruct": 0.3563328445248692,
    "v2.1-md": 0.33097612175848684,
    "v2.1-json": 0.38829878990608147,
    "v2.1-html": 0.32528737573390026,
    "v2.1-custom1": 0.32462631432908234,
    "v2.1-custom2": 0.32365698315399344,
    "v2.1-custom4": 0.33621015340729876
  },
  "question_17": {
    "v2.1-unstruct": 0.6436414357448391,
    "v2.1-md": 0.6098121614122674,
    "v2.1-json": 0.494639541949627,
    "v2.1-html": 0.6494333435412045,
    "v2.1-custom1": 0.5886821511821512,
    "v2.1-custom2": 0.592550345562861,
    "v2.1-custom4": 0.6236946588877023
  },
  "question_18": {
    "v2.1-unstruct": 0.47277877420336756,
    "v2.1-md": 0.4038035086561465,
    "v2.1-json": 0.41410661939077675,
    "v2.1-html": 0.4231185263291404,
    "v2.1-custom1": 0.3919452870675042,
    "v2.1-custom2": 0.45991088576143496,
    "v2.1-custom4": 0.3942360500346729
  },
  "question_19": {
    "v2.1-unstruct": 0.4009655477812098,
    "v2.1-md": 0.436824072493662,
    "v2.1-json": 0.4794848974017379,
    "v2.1-html": 0.3664939226006803,
    "v2.1-custom1": 0.46159655131892685,
    "v2.1-custom2": 0.4231420394103311,
    "v2.1-custom4": 0.42411706626330314
  },
  "question_20": {
    "v2.1-unstruct": 0.4257820486171862,
    "v2.1-md": 0.38259480704744125,
    "v2.1-json": 0.5652594304768218,
    "v2.1-html": 0.5200466199140039,
    "v2.1-custom1": 0.542872274731375,
    "v2.1-custom2": 0.6073782842959495,
    "v2.1-custom4": 0.3240524506469151
  },
  "question_21": {
    "v2.1-unstruct": 0.38499926286304004,
    "v2.1-md": 0.42693489786303623,
    "v2.1-json": 0.4695317185192911,
    "v2.1-html": 0.4409513774763469,
    "v2.1-custom1": 0.4488025167444693,
    "v2.1-custom2": 0.4694205642257078,
    "v2.1-custom4": 0.4225830803763128
  }
}