,llama3-70b-8192,mixtral-8x7b-32768,gemma-7b-it
v2.1-custom1,0.4761904761904761,0.388888888888889,0.2564102564102564
v2.1-custom2,0.5252955426007336,0.47586206896551725,0.27722772277227725
v2.1-json,0.5217316231808985,0.3950617283950617,0.32673267326732675
v2.1-md,0.5210727969348659,0.4172335600907029,0.5289256198347109
v2.1-html,0.30363036303630364,0.5098039215686275,0.40723981900452494
v2.1-custom4,0.47690765135013663,0.5263157894736841,0.5126050420168067
v2.1-unstruct,0.5337837837837838,0.49201277955271566,0.4206008583690987
