{
  "question_25": {
    "v2.1-unstruct": 0.22250242472650125,
    "v2.1-md": 0.19232716026450702,
    "v2.1-json": 0.21280447794251225,
    "v2.1-html": 0.1946961284747195,
    "v2.1-custom1": 0.2040661419273154,
    "v2.1-custom2": 0.18053886933042576,
    "v2.1-custom4": 0.1908892087325977
  },
  "question_26": {
    "v2.1-unstruct": 0.3570506898084156,
    "v2.1-md": 0.38291331680995594,
    "v2.1-json": 0.38867162349319556,
    "v2.1-html": 0.3354107427262012,
    "v2.1-custom1": 0.3534457070287071,
    "v2.1-custom2": 0.33449318252227506,
    "v2.1-custom4": 0.3714430130827073
  },
  "question_27": {
    "v2.1-unstruct": 0.31455627257935526,
    "v2.1-md": 0.31069054860876427,
    "v2.1-json": 0.2604782456267604,
    "v2.1-html": 0.26436213129761515,
    "v2.1-custom1": 0.3378121684114194,
    "v2.1-custom2": 0.3102618646259777,
    "v2.1-custom4": 0.32138858522815844
  },
  "question_28": {
    "v2.1-unstruct": 0.0,
    "v2.1-md": 0.0,
    "v2.1-json": 0.0,
    "v2.1-html": 0.0,
    "v2.1-custom1": 0.0,
    "v2.1-custom2": 0.0,
    "v2.1-custom4": 0.0
  },
  "question_29": {
    "v2.1-unstruct": 0.43577751081202515,
    "v2.1-md": 0.38718408719072944,
    "v2.1-json": 0.37811918833006514,
    "v2.1-html": 0.4124254096069708,
    "v2.1-custom1": 0.4171038131626463,
    "v2.1-custom2": 0.4212045375549025,
    "v2.1-custom4": 0.4125383865576561
  },
  "question_30": {
    "v2.1-unstruct": 0.39078822412155745,
    "v2.1-md": 0.35920517480366304,
    "v2.1-json": 0.39684052784536256,
    "v2.1-html": 0.42446325870059076,
    "v2.1-custom1": 0.3541236096777893,
    "v2.1-custom2": 0.3699197850922788,
    "v2.1-custom4": 0.36082815674926233
  },
  "question_31": {
    "v2.1-unstruct": 0.2603888759007275,
    "v2.1-md": 0.2571143171267391,
    "v2.1-json": 0.22443048033673865,
    "v2.1-html": 0.25488400488400487,
    "v2.1-custom1": 0.24843499413391887,
    "v2.1-custom2": 0.2348516636061059,
    "v2.1-custom4": 0.22321199826867133
  },
  "question_32": {
    "v2.1-unstruct": 0.22040907285662048,
    "v2.1-md": 0.21277258603955682,
    "v2.1-json": 0.2087510500857054,
    "v2.1-html": 0.21114674377980788,
    "v2.1-custom1": 0.2202440123031135,
    "v2.1-custom2": 0.19286302351837648,
    "v2.1-custom4": 0.21912269537447301
  },
  "question_33": {
    "v2.1-unstruct": 0.17056874499589816,
    "v2.1-md": 0.26075969662117476,
    "v2.1-json": 0.2551229711602116,
    "v2.1-html": 0.27952637684384746,
    "v2.1-custom1": 0.2581001880896843,
    "v2.1-custom2": 0.26316860736950104,
    "v2.1-custom4": 0.18909404082651463
  },
  "question_34": {
    "v2.1-unstruct": 0.27290696491152133,
    "v2.1-md": 0.20826640912357428,
    "v2.1-json": 0.2295144023757393,
    "v2.1-html": 0.21697987454720039,
    "v2.1-custom1": 0.20610058928642028,
    "v2.1-custom2": 0.19370163961042816,
    "v2.1-custom4": 0.20976625374034288
  }
}