,llama3-70b-8192,mixtral-8x7b-32768,gemma-7b-it
v2.1-custom1,0.6376294299466264,0.12987012987012989,0.46073298429319376
v2.1-json,0.6521739130434784,0.5415549597855228,0.4734299516908212
v2.1-unstruct,0.7627222508784227,0.6685552407932013,0.5844748858447489
v2.1-custom4,0.6612589247764861,0.4840425531914894,0.29508196721311475
v2.1-html,0.646546329723225,0.5213032581453634,0.2841530054644809
v2.1-md,0.6878980891719745,0.544080604534005,0.5167464114832536
v2.1-custom2,0.6330854222270216,0.4848484848484849,0.39393939393939387
