{
  "question_25": {
    "v2.1-unstruct": 0.22250242472650125,
    "v2.1-md": 0.19232716026450702,
    "v2.1-json": 0.21280447794251225,
    "v2.1-html": 0.1946961284747195,
    "v2.1-custom1": 0.2040661419273154,
    "v2.1-custom2": 0.18053886933042576,
    "v2.1-custom4": 0.1908892087325977
  },
  "question_26": {
    "v2.1-unstruct": 0.3570506898084156,
    "v2.1-md": 0.38291331680995594,
    "v2.1-json": 0.38867162349319556,
    "v2.1-html": 0.3354107427262012,
    "v2.1-custom1": 0.3534457070287071,
    "v2.1-custom2": 0.33449318252227506,
    "v2.1-custom4": 0.3714430130827073
  }
}