{
  "question_25": {
    "v2.1-unstruct": 0.22250242472650125,
    "v2.1-md": 0.19232716026450702,
    "v2.1-json": 0.21280447794251225,
    "v2.1-html": 0.1946961284747195,
    "v2.1-custom1": 0.2040661419273154,
    "v2.1-custom2": 0.18053886933042576,
    "v2.1-custom4": 0.1908892087325977
  },
  "question_26": {
    "v2.1-unstruct": 0.3570506898084156,
    "v2.1-md": 0.38291331680995594,
    "v2.1-json": 0.38867162349319556,
    "v2.1-html": 0.3354107427262012,
    "v2.1-custom1": 0.3534457070287071,
    "v2.1-custom2": 0.33449318252227506,
    "v2.1-custom4": 0.3714430130827073
  },
  "question_27": {
    "v2.1-unstruct": 0.31455627257935526,
    "v2.1-md": 0.31069054860876427,
    "v2.1-json": 0.2604782456267604,
    "v2.1-html": 0.26436213129761515,
    "v2.1-custom1": 0.3378121684114194,
    "v2.1-custom2": 0.3102618646259777,
    "v2.1-custom4": 0.32138858522815844
  },
  "question_28": {
    "v2.1-unstruct": 0.0,
    "v2.1-md": 0.0,
    "v2.1-json": 0.0,
    "v2.1-html": 0.0,
    "v2.1-custom1": 0.0,
    "v2.1-custom2": 0.0,
    "v2.1-custom4": 0.0
  },
  "question_29": {
    "v2.1-unstruct": 0.43577751081202515,
    "v2.1-md": 0.38718408719072944,
    "v2.1-json": 0.37811918833006514,
    "v2.1-html": 0.4124254096069708,
    "v2.1-custom1": 0.4171038131626463,
    "v2.1-custom2": 0.4212045375549025,
    "v2.1-custom4": 0.4125383865576561
  }
}