{
  "question_25": {
    "v2.1-unstruct": 0.22250242472650125,
    "v2.1-md": 0.19232716026450702,
    "v2.1-json": 0.21280447794251225,
    "v2.1-html": 0.1946961284747195,
    "v2.1-custom1": 0.2040661419273154,
    "v2.1-custom2": 0.18053886933042576,
    "v2.1-custom4": 0.1908892087325977
  },
  "question_26": {
    "v2.1-unstruct": 0.3570506898084156,
    "v2.1-md": 0.38291331680995594,
    "v2.1-json": 0.38867162349319556,
    "v2.1-html": 0.3354107427262012,
    "v2.1-custom1": 0.3534457070287071,
    "v2.1-custom2": 0.33449318252227506,
    "v2.1-custom4": 0.3714430130827073
  },
  "question_27": {
    "v2.1-unstruct": 0.31455627257935526,
    "v2.1-md": 0.31069054860876427,
    "v2.1-json": 0.2604782456267604,
    "v2.1-html": 0.26436213129761515,
    "v2.1-custom1": 0.3378121684114194,
    "v2.1-custom2": 0.3102618646259777,
    "v2.1-custom4": 0.32138858522815844
  },
  "question_28": {
    "v2.1-unstruct": 0.0,
    "v2.1-md": 0.0,
    "v2.1-json": 0.0,
    "v2.1-html": 0.0,
    "v2.1-custom1": 0.0,
    "v2.1-custom2": 0.0,
    "v2.1-custom4": 0.0
  },
  "question_29": {
    "v2.1-unstruct": 0.43577751081202515,
    "v2.1-md": 0.38718408719072944,
    "v2.1-json": 0.37811918833006514,
    "v2.1-html": 0.4124254096069708,
    "v2.1-custom1": 0.4171038131626463,
    "v2.1-custom2": 0.4212045375549025,
    "v2.1-custom4": 0.4125383865576561
  },
  "question_30": {
    "v2.1-unstruct": 0.39078822412155745,
    "v2.1-md": 0.35920517480366304,
    "v2.1-json": 0.39684052784536256,
    "v2.1-html": 0.42446325870059076,
    "v2.1-custom1": 0.3541236096777893,
    "v2.1-custom2": 0.3699197850922788,
    "v2.1-custom4": 0.36082815674926233
  },
  "question_31": {
    "v2.1-unstruct": 0.2603888759007275,
    "v2.1-md": 0.2571143171267391,
    "v2.1-json": 0.22443048033673865,
    "v2.1-html": 0.25488400488400487,
    "v2.1-custom1": 0.24843499413391887,
    "v2.1-custom2": 0.2348516636061059,
    "v2.1-custom4": 0.22321199826867133
  },
  "question_32": {
    "v2.1-unstruct": 0.22040907285662048,
    "v2.1-md": 0.21277258603955682,
    "v2.1-json": 0.2087510500857054,
    "v2.1-html": 0.21114674377980788,
    "v2.1-custom1": 0.2202440123031135,
    "v2.1-custom2": 0.19286302351837648,
    "v2.1-custom4": 0.21912269537447301
  },
  "question_33": {
    "v2.1-unstruct": 0.17056874499589816,
    "v2.1-md": 0.26075969662117476,
    "v2.1-json": 0.2551229711602116,
    "v2.1-html": 0.27952637684384746,
    "v2.1-custom1": 0.2581001880896843,
    "v2.1-custom2": 0.26316860736950104,
    "v2.1-custom4": 0.18909404082651463
  },
  "question_34": {
    "v2.1-unstruct": 0.27290696491152133,
    "v2.1-md": 0.20826640912357428,
    "v2.1-json": 0.2295144023757393,
    "v2.1-html": 0.21697987454720039,
    "v2.1-custom1": 0.20610058928642028,
    "v2.1-custom2": 0.19370163961042816,
    "v2.1-custom4": 0.20976625374034288
  },
  "question_35": {
    "v2.1-unstruct": 0.34938120581387305,
    "v2.1-md": 0.3307279995254231,
    "v2.1-json": 0.3332031676181451,
    "v2.1-html": 0.378842967905703,
    "v2.1-custom1": 0.3760501612292469,
    "v2.1-custom2": 0.365832581770096,
    "v2.1-custom4": 0.3709560160116248
  },
  "question_36": {
    "v2.1-unstruct": 0.33485618790111954,
    "v2.1-md": 0.3117222485643538,
    "v2.1-json": 0.35374821421676517,
    "v2.1-html": 0.36222509930643915,
    "v2.1-custom1": 0.3783794858564436,
    "v2.1-custom2": 0.39254682665086577,
    "v2.1-custom4": 0.32490694357140437
  },
  "question_37": {
    "v2.1-unstruct": 0.30343731127275925,
    "v2.1-md": 0.33149498820458284,
    "v2.1-json": 0.3531278204496204,
    "v2.1-html": 0.32490604095018355,
    "v2.1-custom1": 0.3351283296053276,
    "v2.1-custom2": 0.3324422854521569,
    "v2.1-custom4": 0.33687180731022176
  },
  "question_38": {
    "v2.1-unstruct": 0.20816725451576681,
    "v2.1-md": 0.21608259673533034,
    "v2.1-json": 0.2040235233718828,
    "v2.1-html": 0.18328003096723466,
    "v2.1-custom1": 0.20289752475376008,
    "v2.1-custom2": 0.16227585525020782,
    "v2.1-custom4": 0.2393574645304313
  },
  "question_39": {
    "v2.1-unstruct": 0.2876075575892422,
    "v2.1-md": 0.2762574814920334,
    "v2.1-json": 0.24307770876144286,
    "v2.1-html": 0.2701659868134123,
    "v2.1-custom1": 0.27709352511884205,
    "v2.1-custom2": 0.2687352229656628,
    "v2.1-custom4": 0.1566523907173757
  },
  "question_40": {
    "v2.1-unstruct": 0.33432177267638213,
    "v2.1-md": 0.4031539785662724,
    "v2.1-json": 0.3630987130774357,
    "v2.1-html": 0.41817448014206465,
    "v2.1-custom1": 0.3736290171659946,
    "v2.1-custom2": 0.44198855274589915,
    "v2.1-custom4": 0.37652880635176283
  },
  "question_41": {
    "v2.1-unstruct": 0.5648260795589302,
    "v2.1-md": 0.21360158665139514,
    "v2.1-json": 0.2542957885252091,
    "v2.1-html": 0.21785956886393568,
    "v2.1-custom1": 0.22091469280178946,
    "v2.1-custom2": 0.23620079770017596,
    "v2.1-custom4": 0.2450001682243246
  },
  "question_42": {
    "v2.1-unstruct": 0.3176094912529637,
    "v2.1-md": 0.22718927146324408,
    "v2.1-json": 0.35638078055629796,
    "v2.1-html": 0.24459890087854766,
    "v2.1-custom1": 0.2778661698710368,
    "v2.1-custom2": 0.2580477459350699,
    "v2.1-custom4": 0.28939044935755126
  },
  "question_43": {
    "v2.1-unstruct": 0.2921609607237192,
    "v2.1-md": 0.3013553852921834,
    "v2.1-json": 0.2885046547764369,
    "v2.1-html": 0.31339262026132136,
    "v2.1-custom1": 0.29177350523463713,
    "v2.1-custom2": 0.2940823859240757,
    "v2.1-custom4": 0.3041854202599333
  },
  "question_44": {
    "v2.1-unstruct": 0.48213247390186603,
    "v2.1-md": 0.48907732562009326,
    "v2.1-json": 0.4145086749477623,
    "v2.1-html": 0.4068913678698187,
    "v2.1-custom1": 0.3738298738298738,
    "v2.1-custom2": 0.42612844477950934,
    "v2.1-custom4": 0.5052761609468758
  },
  "question_45": {
    "v2.1-unstruct": 0.49802480731020515,
    "v2.1-md": 0.5093072850762566,
    "v2.1-json": 0.5232201965646991,
    "v2.1-html": 0.5013474134209169,
    "v2.1-custom1": 0.426784878878125,
    "v2.1-custom2": 0.5110908910646698,
    "v2.1-custom4": 0.5121975845228072
  },
  "question_46": {
    "v2.1-unstruct": 0.17845922998842367,
    "v2.1-md": 0.16848027959326198,
    "v2.1-json": 0.2002278460335795,
    "v2.1-html": 0.17390738389533725,
    "v2.1-custom1": 0.18076074140535794,
    "v2.1-custom2": 0.2317267372892521,
    "v2.1-custom4": 0.2036788474172568
  },
  "question_47": {
    "v2.1-unstruct": 0.20259512326796583,
    "v2.1-md": 0.17864572599414663,
    "v2.1-json": 0.2178972090072273,
    "v2.1-html": 0.22306462731918816,
    "v2.1-custom1": 0.17988185772983734,
    "v2.1-custom2": 0.1993735921862543,
    "v2.1-custom4": 0.1957835389456105
  },
  "question_48": {
    "v2.1-unstruct": 0.44814243994335223,
    "v2.1-md": 0.404551454378619,
    "v2.1-json": 0.40861886190626856,
    "v2.1-html": 0.38983354304376977,
    "v2.1-custom1": 0.4001980256291296,
    "v2.1-custom2": 0.3881595502083825,
    "v2.1-custom4": 0.3331964761913772
  },
  "question_49": {
    "v2.1-unstruct": 0.32451795551210755,
    "v2.1-md": 0.24762856802003283,
    "v2.1-json": 0.30845958097995085,
    "v2.1-html": 0.2886327244887718,
    "v2.1-custom1": 0.2731612761447169,
    "v2.1-custom2": 0.2578167391578669,
    "v2.1-custom4": 0.3103694327904414
  },
  "question_50": {
    "v2.1-unstruct": 0.18522900110572207,
    "v2.1-md": 0.17774189656584297,
    "v2.1-json": 0.17408482216553967,
    "v2.1-html": 0.19320860916280413,
    "v2.1-custom1": 0.16471405867459954,
    "v2.1-custom2": 0.16071656073653243,
    "v2.1-custom4": 0.16873783366786185
  }
}