,llama3-70b-8192,mixtral-8x7b-32768,gemma-7b-it
v2.1-custom1,0.5478993532660046,0.40571428571428575,0.2222222222222222
v2.1-json,0.5077850659246007,0.41807909604519783,0.31645569620253167
v2.1-unstruct,0.5702806824435883,0.5895522388059701,0.25850340136054417
v2.1-custom4,0.5049536236733024,0.4432717678100265,0.23448275862068968
v2.1-html,0.4575987114187454,0.5756457564575646,0.23611111111111113
v2.1-md,0.561025626674967,0.4159021406727829,0.23448275862068968
v2.1-custom2,0.609577677224736,0.5448028673835126,0.22535211267605637
