{
  "question_25": {
    "v2.1-unstruct": 0.4277178339670585,
    "v2.1-md": 0.3888111063641842,
    "v2.1-json": 0.38196795605498185,
    "v2.1-html": 0.39027506809528334,
    "v2.1-custom1": 0.38656099656850923,
    "v2.1-custom2": 0.3456019467966475,
    "v2.1-custom4": 0.3510664698619341
  }
}