{
  "question_01": {
    "v2.1-unstruct": 0.509556969838182,
    "v2.1-md": 0.5472818932801987,
    "v2.1-json": 0.5550695462460169,
    "v2.1-html": 0.4938746782496783,
    "v2.1-custom1": 0.5954468857923715,
    "v2.1-custom2": 0.5171865492943925,
    "v2.1-custom4": 0.5009571572718534
  },
  "question_02": {
    "v2.1-unstruct": 0.6559595291471769,
    "v2.1-md": 0.6005411522173635,
    "v2.1-json": 0.5888024987641846,
    "v2.1-html": 0.6107238431607164,
    "v2.1-custom1": 0.5915899346669861,
    "v2.1-custom2": 0.6139918406403347,
    "v2.1-custom4": 0.6044467336252038
  },
  "question_03": {
    "v2.1-unstruct": 0.5564346782344943,
    "v2.1-md": 0.5197922548867216,
    "v2.1-json": 0.5244287739662964,
    "v2.1-html": 0.5246992345413283,
    "v2.1-custom1": 0.5751901974923558,
    "v2.1-custom2": 0.5454507327485847,
    "v2.1-custom4": 0.5333201048128312
  },
  "question_04": {
    "v2.1-unstruct": 0.3805406984854698,
    "v2.1-md": 0.3842966274797263,
    "v2.1-json": 0.35629337500799024,
    "v2.1-html": 0.39847039816552005,
    "v2.1-custom1": 0.3677140215376147,
    "v2.1-custom2": 0.3186244008751215,
    "v2.1-custom4": 0.4258254897069735
  },
  "question_05": {
    "v2.1-unstruct": 0.37022490851669,
    "v2.1-md": 0.2901084254915483,
    "v2.1-json": 0.3662006406130504,
    "v2.1-html": 0.35334086036144224,
    "v2.1-custom1": 0.3661426909100179,
    "v2.1-custom2": 0.39344125179898687,
    "v2.1-custom4": 0.36112600534405814
  },
  "question_06": {
    "v2.1-unstruct": 0.4327241705273431,
    "v2.1-md": 0.39014177309325965,
    "v2.1-json": 0.39728178293160243,
    "v2.1-html": 0.4092702153447359,
    "v2.1-custom1": 0.3875009165814029,
    "v2.1-custom2": 0.38248228379807325,
    "v2.1-custom4": 0.3796068594397441
  },
  "question_07": {
    "v2.1-unstruct": 0.26174438687392054,
    "v2.1-md": 0.3540350514988085,
    "v2.1-json": 0.32340166598346787,
    "v2.1-html": 0.3380927357209919,
    "v2.1-custom1": 0.33356412761631676,
    "v2.1-custom2": 0.31446551909002246,
    "v2.1-custom4": 0.35438886471040926
  },
  "question_08": {
    "v2.1-unstruct": 0.2379845199967151,
    "v2.1-md": 0.322107914695124,
    "v2.1-json": 0.2684507205950721,
    "v2.1-html": 0.3623295909422177,
    "v2.1-custom1": 0.3414659868703007,
    "v2.1-custom2": 0.30219349266779466,
    "v2.1-custom4": 0.3330653821280655
  },
  "question_09": {
    "v2.1-unstruct": 0.3967035175254973,
    "v2.1-md": 0.3985561014514212,
    "v2.1-json": 0.3282559268393233,
    "v2.1-html": 0.38178912117108493,
    "v2.1-custom1": 0.3910019513104149,
    "v2.1-custom2": 0.41553936924884255,
    "v2.1-custom4": 0.38442582607919135
  },
  "question_10": {
    "v2.1-unstruct": 0.4773702661976247,
    "v2.1-md": 0.4773841555364515,
    "v2.1-json": 0.4342985668090699,
    "v2.1-html": 0.4551624361206787,
    "v2.1-custom1": 0.4188348082493567,
    "v2.1-custom2": 0.4296037268474658,
    "v2.1-custom4": 0.43930878804939577
  }
}