{
  "question_25": {
    "v2.1-unstruct": 0.4277178339670585,
    "v2.1-md": 0.3888111063641842,
    "v2.1-json": 0.38196795605498185,
    "v2.1-html": 0.39027506809528334,
    "v2.1-custom1": 0.38656099656850923,
    "v2.1-custom2": 0.3456019467966475,
    "v2.1-custom4": 0.3510664698619341
  },
  "question_26": {
    "v2.1-unstruct": 0.5276943378051474,
    "v2.1-md": 0.5663102359774027,
    "v2.1-json": 0.5948767395387179,
    "v2.1-html": 0.5206204250753517,
    "v2.1-custom1": 0.5349797339496781,
    "v2.1-custom2": 0.517314689364526,
    "v2.1-custom4": 0.5389903019355897
  },
  "question_27": {
    "v2.1-unstruct": 0.48637172168445436,
    "v2.1-md": 0.44622067833034373,
    "v2.1-json": 0.4191155227209776,
    "v2.1-html": 0.4111709036824244,
    "v2.1-custom1": 0.49596564899935686,
    "v2.1-custom2": 0.4535243166380618,
    "v2.1-custom4": 0.48989717412487566
  },
  "question_28": {
    "v2.1-unstruct": 0.0,
    "v2.1-md": 0.0,
    "v2.1-json": 0.0,
    "v2.1-html": 0.0,
    "v2.1-custom1": 0.0,
    "v2.1-custom2": 0.0,
    "v2.1-custom4": 0.0
  },
  "question_29": {
    "v2.1-unstruct": 0.5497206963061908,
    "v2.1-md": 0.5003583725398655,
    "v2.1-json": 0.5003498577305459,
    "v2.1-html": 0.5400693932781977,
    "v2.1-custom1": 0.5261940960129193,
    "v2.1-custom2": 0.551216229026448,
    "v2.1-custom4": 0.5064155264535534
  },
  "question_30": {
    "v2.1-unstruct": 0.5123852484963597,
    "v2.1-md": 0.498394338087153,
    "v2.1-json": 0.5313396946220609,
    "v2.1-html": 0.5611277156181205,
    "v2.1-custom1": 0.4745871650804571,
    "v2.1-custom2": 0.5150522303434855,
    "v2.1-custom4": 0.4869632665000973
  },
  "question_31": {
    "v2.1-unstruct": 0.4940910992773046,
    "v2.1-md": 0.4476184391042939,
    "v2.1-json": 0.47711867294330973,
    "v2.1-html": 0.44738594738594734,
    "v2.1-custom1": 0.44842199301735236,
    "v2.1-custom2": 0.44116806911716583,
    "v2.1-custom4": 0.41987824443500105
  },
  "question_32": {
    "v2.1-unstruct": 0.42060283162668083,
    "v2.1-md": 0.4015305432147447,
    "v2.1-json": 0.41236596472863596,
    "v2.1-html": 0.3726858115177909,
    "v2.1-custom1": 0.3997718468495654,
    "v2.1-custom2": 0.37078840599331664,
    "v2.1-custom4": 0.40364547841393184
  },
  "question_33": {
    "v2.1-unstruct": 0.2857996508122843,
    "v2.1-md": 0.4300090714164962,
    "v2.1-json": 0.43216852438838044,
    "v2.1-html": 0.46345906225924666,
    "v2.1-custom1": 0.40901927214331185,
    "v2.1-custom2": 0.4375662270692493,
    "v2.1-custom4": 0.2910769953477447
  },
  "question_34": {
    "v2.1-unstruct": 0.46927230779304235,
    "v2.1-md": 0.38375354889186414,
    "v2.1-json": 0.45763904805374844,
    "v2.1-html": 0.39288243751326335,
    "v2.1-custom1": 0.36373798185275613,
    "v2.1-custom2": 0.34560478993130644,
    "v2.1-custom4": 0.38821591740044076
  },
  "question_35": {
    "v2.1-unstruct": 0.5332391390007638,
    "v2.1-md": 0.5046262604566726,
    "v2.1-json": 0.4706150215428406,
    "v2.1-html": 0.5603091038174534,
    "v2.1-custom1": 0.53552181812923,
    "v2.1-custom2": 0.5458583594205867,
    "v2.1-custom4": 0.5054397338840572
  },
  "question_36": {
    "v2.1-unstruct": 0.544749955536186,
    "v2.1-md": 0.5500812553444132,
    "v2.1-json": 0.6146212208965597,
    "v2.1-html": 0.6058219212424265,
    "v2.1-custom1": 0.6451565660726217,
    "v2.1-custom2": 0.6178640792678912,
    "v2.1-custom4": 0.5362937041820293
  }
}