{
  "question_01": {
    "v2.1-unstruct": 0.509556969838182,
    "v2.1-md": 0.5472818932801987,
    "v2.1-json": 0.5550695462460169,
    "v2.1-html": 0.4938746782496783,
    "v2.1-custom1": 0.5954468857923715,
    "v2.1-custom2": 0.5171865492943925,
    "v2.1-custom4": 0.5009571572718534
  },
  "question_02": {
    "v2.1-unstruct": 0.6559595291471769,
    "v2.1-md": 0.6005411522173635,
    "v2.1-json": 0.5888024987641846,
    "v2.1-html": 0.6107238431607164,
    "v2.1-custom1": 0.5915899346669861,
    "v2.1-custom2": 0.6139918406403347,
    "v2.1-custom4": 0.6044467336252038
  },
  "question_03": {
    "v2.1-unstruct": 0.5564346782344943,
    "v2.1-md": 0.5197922548867216,
    "v2.1-json": 0.5244287739662964,
    "v2.1-html": 0.5246992345413283,
    "v2.1-custom1": 0.5751901974923558,
    "v2.1-custom2": 0.5454507327485847,
    "v2.1-custom4": 0.5333201048128312
  },
  "question_04": {
    "v2.1-unstruct": 0.3805406984854698,
    "v2.1-md": 0.3842966274797263,
    "v2.1-json": 0.35629337500799024,
    "v2.1-html": 0.39847039816552005,
    "v2.1-custom1": 0.3677140215376147,
    "v2.1-custom2": 0.3186244008751215,
    "v2.1-custom4": 0.4258254897069735
  }
}