,llama3-70b-8192,mixtral-8x7b-32768,gemma-7b-it
v2.1-custom1,0.5576923076923077,0.32717678100263853,0.4615384615384615
v2.1-json,0.5554453557123784,0.3014256619144603,0.5517241379310346
v2.1-unstruct,0.5303946139859453,0.33888888888888885,0.28571428571428575
v2.1-custom4,0.5332482178955208,0.31196581196581197,0.42253521126760557
v2.1-html,0.5560538116591929,0.3116279069767442,0.45517241379310347
v2.1-md,0.5728279623754661,0.296629213483146,0.41134751773049655
v2.1-custom2,0.5648473342825502,0.36065573770491804,0.4827586206896552
