{
  "question_01": {
    "v2.1-unstruct": 0.509556969838182,
    "v2.1-md": 0.5472818932801987,
    "v2.1-json": 0.5550695462460169,
    "v2.1-html": 0.4938746782496783,
    "v2.1-custom1": 0.5954468857923715,
    "v2.1-custom2": 0.5171865492943925,
    "v2.1-custom4": 0.5009571572718534
  }
}