,llama3-70b-8192,mixtral-8x7b-32768,gemma-7b-it
v2.1-custom1,0.44543190959586293,0.34965034965034975,0.29299363057324845
v2.1-json,0.48270199664116437,0.3671875,0.29299363057324845
v2.1-unstruct,0.5066666666666666,0.3720930232558139,0.3142857142857143
v2.1-custom4,0.3127973394180723,0.32238805970149254,0.2571428571428572
v2.1-html,0.4741379310344828,0.3717948717948718,0.2571428571428572
v2.1-md,0.45006474364272525,0.42105263157894735,0.29299363057324845
v2.1-custom2,0.4680851063829787,0.274932614555256,0.2571428571428572
