,llama3-70b-8192,mixtral-8x7b-32768,gemma-7b-it
unstructured,0.5226667991784271,0.4866396761133604,0.36186179904177074
json-structured,0.5824801976120156,0.49353721104513754,0.4571347540717932
