,llama3-70b-8192,mixtral-8x7b-32768,gemma-7b-it,gpt-3.5-turbo
html-structured-v2,0.34782608695652173,0.16216216216216214,0.45652173913043476,0.0
toml-structured-v2,0.39285714285714285,0.0,0.4772727272727273,0.0
unstructured,0.404040404040404,0.4055944055944056,0.35185185185185186,0.0
md-structured-v2,0.5306122448979592,0.39999999999999997,0.43956043956043955,0.0
json-structured-v2,0.425531914893617,0.27218934911242604,0.4827586206896551,0.0
html-structured-v1,0.3793103448275862,0.3875968992248063,0.25,0.0
json-structured-v1,0.3689320388349514,0.29239766081871343,0.34862385321100914,0.0
