,llama3-70b-8192,mixtral-8x7b-32768,gemma-7b-it,claude-3-opus-20240229,gpt-3.5-turbo
toml-structured-v2,0.3544575725026853,0.3741023682200153,0.31904069767441856,0.42129936305732485,0.0
html-structured-v1,0.2581138487680544,0.36363636363636365,0.3425385934819897,0.3951219512195122,0.0
unstructured,0.31340456532297234,0.292181261027022,0.30031779661016944,0.31754807692307696,0.0
md-structured-v2,0.3085750315258512,0.4035419989367358,0.39285714285714285,0.4516957862281603,0.0
json-structured-v1,0.32589473684210524,0.2775750202757502,0.31156049882035725,0.36956982411527867,0.0
json-structured-v2,0.3542869593637651,0.37790697674418605,0.3703486094790443,0.4755533153095358,0.0
html-structured-v2,0.355071477195371,0.3266683647478349,0.39462676962676957,0.4413389306230667,0.0
