,llama3-70b-8192,gemma-7b-it
unstructured,0.3141069564473346,0.3230727438311777
json-structured-v1,0.3778171616061849,0.42274777566961663
json-structured-v2,0.3502909446274235,0.3169372444292609
html-structured-v1,0.3289803093081781,0.35621205915452825
