,llama3-70b-8192,gemma-7b-it
unstructured,0.31917405027583073,0.3746604471983463
json-structured-v1,0.418145321227332,0.4873057976506251
json-structured-v2,0.4005184376827658,0.5393258426966292
html-structured-v1,0.43706734360038463,0.5054945054945055
html-structured-v2,0.42923569646511367,0.5393258426966292
