,llama3-70b-8192,mixtral-8x7b-32768,gemma-7b-it
unstructured,0.38853640876667195,0.4684873580525755,0.39635111876075735
json-structured-v1,0.3046770811059054,0.35985734762132277,0.3128091603587951
json-structured-v2,0.3820623701692899,0.2971428625311835,0.42816101932723
html-structured-v1,0.25323619677601983,0.3421249996880249,0.30888987173816895
