,llama3-70b-8192,gemma-7b-it
unstructured,0.5400217521243464,0.4038954195539602
json-structured-v1,0.5371560223824214,0.518529746115953
json-structured-v2,0.5590807793023527,0.5393258426966292
html-structured-v1,0.4914093859023896,0.49424296665533773
