,llama3-70b-8192,gemma-7b-it,gpt-3.5-turbo
html-structured-v2,0.5148514851485149,0.4772727272727273,0.0
json-structured-v1,0.4791666666666667,0.3551401869158879,0.0
html-structured-v1,0.37362637362637363,0.4,0.0
unstructured,0.3561643835616438,0.35185185185185186,0.0
json-structured-v2,0.3931623931623932,0.5052631578947367,0.0
