,llama3-70b-8192,mixtral-8x7b-32768,gemma-7b-it,claude-3-opus-20240229,gpt-3.5-turbo
toml-structured-v2,0.39188450697915483,0.3446463649704341,0.33023255813953484,0.0,0.0
json-structured-v1,0.3160986320182432,0.29691039095063865,0.32235684090251654,0.0,0.0
custom-structured-v1,0.32067740500355063,0.2995612583550403,0.37224197985665874,0.0,0.0
html-structured-v1,0.24974057804387853,0.36394667279623033,0.34440124515596215,0.0,0.0
custom-structured-v2,0.36505722634768045,0.35476567350575816,0.39210759313728466,0.0,0.0
md-structured-v2,0.37061570556270873,0.36945146872765144,0.38996138996138996,0.0,0.0
json-structured-v2,0.3628442397013839,0.3806569113620421,0.38671004919267543,0.0,0.0
html-structured-v2,0.3794772297117713,0.36338043375914125,0.3935649935649935,0.0,0.0
unstructured,0.301495321043957,0.2835983736047446,0.28619854721549637,0.0,0.0
