,llama3-70b-8192,mixtral-8x7b-32768,gemma-7b-it
unstructured,0.33736247647938145,0.3419395913089396,0.25691803184786344
json-structured-v1,0.4037872138102553,0.39314909894245914,0.4173066149536737
json-structured-v2,0.29117015690542936,0.25957080099104163,0.21953831586508638
html-structured-v1,0.3604842407317655,0.41500179852394525,0.2537318197813839
