,llama3-70b-8192,mixtral-8x7b-32768,gemma-7b-it,claude-3-opus-20240229,gpt-3.5-turbo
toml-structured-v2,0.5510204081632654,0.5993124522536287,0.40467538759689925,0.5569936305732484,0.0
html-structured-v1,0.33186066270178416,0.4,0.3516295025728988,0.4369034994697773,0.0
unstructured,0.4667314230208839,0.41299099266412853,0.3563294491525424,0.43401442307692306,0.0
md-structured-v2,0.4741488020176544,0.5876860712387028,0.4107142857142857,0.5719995432225649,0.0
json-structured-v1,0.45660150375939856,0.4554440389294404,0.4102460397708122,0.445645263827082,0.0
json-structured-v2,0.5828521625449395,0.6162790697674418,0.4608303956130043,0.5824130504513586,0.0
html-structured-v2,0.4904697072838665,0.5534577177789098,0.41256435006435005,0.5388864339372514,0.0
