,llama3-70b-8192,gemma-7b-it
unstructured,0.47826086956521735,0.36170212765957444
json-structured-v1,0.48051948051948057,0.3655913978494624
json-structured-v2,0.5494505494505494,0.3877551020408163
html-structured-v1,0.5074626865671642,0.3655913978494624
