,llama3-70b-8192,gemma-7b-it
unstructured,0.35872162788975465,0.3637917543254926
json-structured-v1,0.38361650609598047,0.5009473285335354
json-structured-v2,0.44550962258306137,0.5393258426966292
html-structured-v1,0.38194178723120464,0.4131279030248102
