,llama3-70b-8192,mixtral-8x7b-32768,gemma-7b-it
unstructured,0.3358701763352926,0.30782726045883946,0.2869685313898824
json-structured,0.3657764650129097,0.3858177206433389,0.39034113929179154
