,llama3-70b-8192,gemma-7b-it
unstructured,0.2608695652173913,0.2765957446808511
json-structured-v1,0.4025974025974026,0.27956989247311825
json-structured-v2,0.4175824175824176,0.2653061224489796
html-structured-v1,0.3880597014925374,0.27956989247311825
