,llama3-70b-8192,mixtral-8x7b-32768,gemma-7b-it
unstructured,0.33410294940771224,0.33431420022100544,0.2920856484527841
json-structured,0.32239789398624696,0.3560300018450831,0.40331525015069314
