,llama3-70b-8192,gemma-7b-it,gpt-3.5-turbo
html-structured-v2,0.6336633663366337,0.5473684210526316,0.0
json-structured-v1,0.5416666666666666,0.4444444444444444,0.0
html-structured-v1,0.4946236559139785,0.42222222222222217,0.0
unstructured,0.4794520547945206,0.4444444444444444,0.0
json-structured-v2,0.6324786324786325,0.5416666666666666,0.0
