,llama3-70b-8192,mixtral-8x7b-32768,gemma-7b-it
unstructured,0.49066966114905564,0.4696127277797612,0.36960323824798563
json-structured-v1,0.5372069018766408,0.48576595004807005,0.4948502477914243
json-structured-v2,0.4177347171896339,0.3166892471225534,0.3072343574841371
html-structured-v1,0.497982644418288,0.5311980123195517,0.3268481332738361
