,llama3-70b-8192,gemma-7b-it
unstructured,0.49973942557257345,0.48574753527228287
json-structured-v1,0.6157482896546699,0.584002046242129
json-structured-v2,0.5471106628594684,0.4658408550722524
html-structured-v1,0.5662567324344718,0.5131275527563454
