,llama3-70b-8192,mixtral-8x7b-32768,gemma-7b-it,claude-3-opus-20240229,gpt-3.5-turbo
toml-structured-v2,0.5008424105452934,0.4816719476654045,0.4112403100775194,0.0,0.0
json-structured-v1,0.4486038370005211,0.42762264395391336,0.40628927131276293,0.0,0.0
custom-structured-v1,0.4404823150921546,0.47507078750396836,0.3976333935508247,0.0,0.0
html-structured-v1,0.34494957594252307,0.3999873577749684,0.3553776761323931,0.0,0.0
custom-structured-v2,0.5617029537565414,0.5852713598532385,0.4063622713300159,0.0,0.0
md-structured-v2,0.4635091237351593,0.5305261925824798,0.4114543114543114,0.0,0.0
json-structured-v2,0.5379525121331012,0.5958628223382163,0.4272434756130389,0.0,0.0
html-structured-v2,0.5277622353954976,0.5418745169540922,0.4114543114543114,0.0,0.0
unstructured,0.4643370654715845,0.4212029109367311,0.333314342686227,0.0,0.0
