,llama3-70b-8192,mixtral-8x7b-32768,gemma-7b-it,gpt-3.5-turbo
unstructured,0.4421052631578948,0.42105263157894735,0.44036697247706424,0.0
json-structured-v1,0.5090909090909091,0.4716981132075472,0.44036697247706424,0.0
html-structured-v1,0.5862068965517242,0.5492957746478874,0.42696629213483145,0.0
html-structured-v2,0.5964912280701754,0.49090909090909096,0.449438202247191,0.0
json-structured-v2,0.5376344086021505,0.38743455497382195,0.46666666666666673,0.0
