,llama3-70b-8192,mixtral-8x7b-32768,gemma-7b-it
unstructured,0.3522123092751469,0.43624241109298617,0.3496693379990542
json-structured,0.3656145259264809,0.4048952446475666,0.39336719701104067
html-structured,0.37183769561002633,0.4234165595474121,0.24077085215296598
