,llama3-70b-8192,mixtral-8x7b-32768,gemma-7b-it,gpt-3.5-turbo
unstructured,0.37894736842105264,0.2807017543859649,0.34862385321100914,0.0
json-structured-v1,0.3272727272727273,0.3207547169811321,0.34862385321100914,0.0
html-structured-v1,0.32758620689655166,0.35211267605633806,0.38202247191011235,0.0
html-structured-v2,0.3859649122807018,0.41818181818181815,0.449438202247191,0.0
json-structured-v2,0.3870967741935484,0.27225130890052357,0.37777777777777777,0.0
