,llama3-70b-8192,mixtral-8x7b-32768,gemma-7b-it
unstructured,0.5200107990412268,0.538959142731928,0.456399341271733
json-structured,0.5743057527800671,0.46830925142586655,0.4604970404265144
html-structured,0.48756974696816824,0.4329977414177506,0.3194218608852755
