,llama3-70b-8192,mixtral-8x7b-32768,gemma-7b-it,gpt-3.5-turbo
html-structured-v1,0.39999999999999997,0.419047619047619,0.4,0.0
json-structured-v2,0.40366972477064217,0.3207547169811321,0.47191011235955066,0.0
html-structured-v2,0.40366972477064217,0.4793388429752066,0.45652173913043476,0.0
json-structured-v1,0.42105263157894735,0.3902439024390244,0.35185185185185186,0.0
md-structured-v2,0.3888888888888889,0.45454545454545453,0.47191011235955066,0.0
unstructured,0.4107142857142857,0.31413612565445026,0.35185185185185186,0.0
