,llama3-70b-8192,mixtral-8x7b-32768,gemma-7b-it
unstructured,0.5114773451119806,0.5048757775542891,0.3864228449735485
json-structured,0.513954962158117,0.5126328367717387,0.4470765521398432
