,llama3-70b-8192,mixtral-8x7b-32768,gemma-7b-it,gpt-3.5-turbo
html-structured-v2,0.5391304347826086,0.18918918918918917,0.4782608695652174,0.0
toml-structured-v2,0.5892857142857143,0.0,0.4772727272727273,0.0
unstructured,0.505050505050505,0.5734265734265733,0.4444444444444444,0.0
md-structured-v2,0.6122448979591837,0.5032258064516129,0.4835164835164834,0.0
json-structured-v2,0.5106382978723405,0.41420118343195267,0.4827586206896551,0.0
html-structured-v1,0.6206896551724138,0.49612403100775193,0.3333333333333333,0.0
json-structured-v1,0.5048543689320388,0.4444444444444444,0.44036697247706424,0.0
