,llama3-70b-8192,mixtral-8x7b-32768,gemma-7b-it,gpt-3.5-turbo
html-structured-v1,0.591304347826087,0.5523809523809524,0.4444444444444444,0.0
json-structured-v2,0.5871559633027522,0.4716981132075472,0.47191011235955066,0.0
html-structured-v2,0.6306306306306305,0.5785123966942148,0.4782608695652174,0.0
json-structured-v1,0.5663716814159292,0.45528455284552843,0.4444444444444444,0.0
md-structured-v2,0.6324786324786325,0.5619834710743801,0.4731182795698925,0.0
unstructured,0.5714285714285715,0.450261780104712,0.4444444444444444,0.0
