,llama3-70b-8192,gemma-7b-it
unstructured,0.48263571813816075,0.4257657975963216
json-structured-v1,0.5237439162422184,0.4917014020462296
json-structured-v2,0.4971884156863851,0.5393258426966292
html-structured-v1,0.5408411391123573,0.5274725274725275
html-structured-v2,0.5710178231552916,0.5393258426966292
